{
    "gridrec": {
        "error": [
            0.0,
            0.0,
            0.0,
            0.0,
            0.0,
            0.0,
            0.0
        ],
        "num_iter": [
            "butterworth",
            "cosine",
            "hamming",
            "hann",
            "parzen",
            "ramlak",
            "shepp"
        ],
        "quality": [
            0.0021388682071119547,
            0.049412138760089874,
            0.013527611270546913,
            0.015309667214751244,
            0.5249878764152527,
            0.0013444458600133657,
            0.005043158307671547
        ],
        "wall_time": [
            0.0608758790185675,
            0.0332758339936845,
            0.03281766799045727,
            0.0329718480061274,
            0.0338258040137589,
            0.03402291898964904,
            0.034012392978183925
        ]
    },
    "sirt_cuda": {
        "error": [
            0.0,
            0.0,
            0.0,
            0.0,
            0.0,
            0.0,
            0.0,
            0.0,
            0.0,
            0.0,
            0.0,
            0.0,
            0.0,
            0.0,
            0.0,
            0.0,
            0.0,
            0.0,
            0.0,
            0.0,
            0.0,
            0.0,
            0.0,
            0.0,
            0.0,
            0.0,
            0.0,
            0.0,
            0.0,
            0.0,
            0.0,
            0.0,
            0.0,
            0.0,
            0.0,
            0.0,
            0.0,
            0.0,
            0.0
        ],
        "num_iter": [
            1,
            1,
            1,
            2,
            2,
            2,
            3,
            3,
            3,
            4,
            4,
            4,
            6,
            6,
            6,
            8,
            8,
            8,
            10,
            10,
            10,
            13,
            13,
            13,
            17,
            17,
            17,
            22,
            22,
            22,
            29,
            29,
            29,
            38,
            38,
            38,
            49,
            49,
            49
        ],
        "quality": [
            0.0011539257830008864,
            0.0011554881930351257,
            0.0011557623511180282,
            0.0063456883653998375,
            0.006356525234878063,
            0.006358138285577297,
            0.015882916748523712,
            0.015916159376502037,
            0.01592165231704712,
            0.02940192259848118,
            0.029467174783349037,
            0.029473045840859413,
            0.06602359563112259,
            0.06616147607564926,
            0.06617269665002823,
            0.11145523190498352,
            0.11161664873361588,
            0.11168666183948517,
            0.16119816899299622,
            0.16128432750701904,
            0.1614784300327301,
            0.23648391664028168,
            0.2367844134569168,
            0.23703330755233765,
            0.3285362124443054,
            0.32990163564682007,
            0.3299653232097626,
            0.4231422543525696,
            0.42612409591674805,
            0.4270213544368744,
            0.5179374814033508,
            0.5241250991821289,
            0.5269381999969482,
            0.5895293354988098,
            0.6009997129440308,
            0.6072078347206116,
            0.6265001893043518,
            0.6453596353530884,
            0.6565874218940735
        ],
        "wall_time": [
            1.159127165999962,
            1.079209538991563,
            2.4232770210073795,
            1.8261857200122904,
            3.005863586004125,
            3.417764668003656,
            3.032895627024118,
            4.052980136999395,
            4.010340328008169,
            3.7036764360091183,
            5.9676639449899085,
            5.0546110960131045,
            5.724531347019365,
            5.912479766033357,
            7.766784147999715,
            6.748737536021508,
            7.615524703025585,
            11.208101243013516,
            8.781941934023052,
            8.474876729014795,
            13.07295361001161,
            10.84199354701559,
            10.16560536302859,
            18.088231294008438,
            12.20394729502732,
            21.463687475014012,
            13.973896608047653,
            15.940216027025599,
            29.684655204007868,
            16.036647142027505,
            18.12743155102362,
            35.37672450300306,
            22.388548262009863,
            24.690025257033994,
            49.8930419269891,
            25.89806593200774,
            27.979679231037153,
            58.69039692700608,
            35.7803329580056
        ]
    }
}