{
    "fbp": {
        "error": [
            1.0236461989814271e-26
        ],
        "num_iter": [
            "butterworth"
        ],
        "quality": [
            4.3658807671479646e-24
        ],
        "wall_time": [
            1.0618095300160348
        ]
    },
    "grad": {
        "error": [
            5.941653723712192e-12,
            1.3705702418249637e-20,
            6.006488146722759e-30,
            1.0431343974407774e-38,
            0.0,
            0.0,
            0.0,
            0.0,
            0.0,
            0.0
        ],
        "num_iter": [
            5,
            10,
            15,
            20,
            25,
            30,
            35,
            40,
            45,
            50
        ],
        "quality": [
            2.30263705880418e-08,
            5.611620241647709e-17,
            2.3991382502569684e-26,
            4.5094561955098294e-35,
            1.961817850054744e-44,
            0.0,
            0.0,
            0.0,
            0.0,
            0.0
        ],
        "wall_time": [
            6.638371373992413,
            13.136942277662456,
            19.72062364174053,
            26.491098237689584,
            33.04331927653402,
            39.634176002349705,
            46.34194654226303,
            52.698744353372604,
            59.27839184133336,
            65.79269116232172
        ]
    },
    "gridrec": {
        "error": [
            7.871785172230469e-05,
            0.000532839385836702,
            0.0013937076046886814,
            0.0017098433607430725,
            0.0012165455959121797,
            8.168002409050019e-05,
            0.00013331577079647738
        ],
        "num_iter": [
            "butterworth",
            "cosine",
            "hamming",
            "hann",
            "parzen",
            "ramlak",
            "shepp"
        ],
        "quality": [
            0.006503734504804015,
            0.03065294260159135,
            0.03659000713378191,
            0.04200743231922388,
            0.20065466687083244,
            0.005212424090132117,
            0.01040026475675404
        ],
        "wall_time": [
            0.17326161358505487,
            0.12241545086726546,
            0.11266265995800495,
            0.1379368770867586,
            0.11151217389851809,
            0.12751637026667595,
            0.11584871122613549
        ]
    },
    "mlem": {
        "error": [
            5.420519088907848e-06,
            6.209058493652731e-05,
            9.062300750798764e-05,
            0.0001229074122562478,
            0.00017676968651282897,
            0.0002308711307380875,
            0.0002700797857647519,
            0.00030295454443013257,
            0.0003339534178994584,
            0.0003624661816312539
        ],
        "num_iter": [
            5,
            10,
            15,
            20,
            25,
            30,
            35,
            40,
            45,
            50
        ],
        "quality": [
            0.03891318570822477,
            0.15871017426252365,
            0.27154361456632614,
            0.3545612320303917,
            0.41259876638650894,
            0.453257754445076,
            0.482246458530426,
            0.5033701509237289,
            0.5190929174423218,
            0.5310860127210617
        ],
        "wall_time": [
            6.672587702050805,
            13.445082002785057,
            20.227887509856373,
            27.00067866872996,
            33.744136441964656,
            40.53767764614895,
            47.35628619417548,
            54.13352999603376,
            61.013128977734596,
            67.81434081168845
        ]
    },
    "osem": {
        "error": [
            5.420519088907848e-06,
            6.209058493652731e-05,
            9.062300750798764e-05,
            0.0001229074122562478,
            0.00017676968651282897,
            0.0002308711307380875,
            0.0002700797857647519,
            0.00030295454443013257,
            0.0003339534178994584,
            0.0003624661816312539
        ],
        "num_iter": [
            5,
            10,
            15,
            20,
            25,
            30,
            35,
            40,
            45,
            50
        ],
        "quality": [
            0.03891318570822477,
            0.15871017426252365,
            0.27154361456632614,
            0.3545612320303917,
            0.41259876638650894,
            0.453257754445076,
            0.482246458530426,
            0.5033701509237289,
            0.5190929174423218,
            0.5310860127210617
        ],
        "wall_time": [
            6.9636621391400695,
            13.946126644033939,
            20.895697730127722,
            27.84368649451062,
            34.81647594459355,
            41.77465720940381,
            48.72045937553048,
            55.67304314766079,
            62.65924669476226,
            69.6390748838894
        ]
    },
    "ospml_hybrid": {
        "error": [
            2.6062215083642786e-07,
            6.206541600143861e-06,
            1.496225006759955e-05,
            3.3349214655719146e-05,
            5.4848411982807983e-05,
            7.133335027122055e-05,
            8.153333135017193e-05,
            9.83077847987137e-05,
            0.00012033331088369132,
            0.00014894476378094157
        ],
        "num_iter": [
            5,
            10,
            15,
            20,
            25,
            30,
            35,
            40,
            45,
            50
        ],
        "quality": [
            0.00024045892496360466,
            0.0033045668387785554,
            0.010772319044917822,
            0.0202918853610754,
            0.030800257809460163,
            0.04197887238115072,
            0.05372041370719671,
            0.06596973724663258,
            0.07866237126290798,
            0.09170992486178875
        ],
        "wall_time": [
            8.048963455948979,
            16.230520057026297,
            24.434294420760125,
            32.94521880475804,
            42.15630369866267,
            50.04919942561537,
            57.61910285754129,
            65.44361672829837,
            73.22504634829238,
            81.40198453050107
        ]
    },
    "ospml_quad": {
        "error": [
            5.155327537585584e-08,
            5.684274995771622e-07,
            6.803557719920096e-07,
            1.3995788521928055e-06,
            1.9519620535128048e-06,
            2.7103170690619203e-06,
            3.932162164101365e-06,
            4.938689194237003e-06,
            6.508691104332962e-06,
            7.3656664439101445e-06
        ],
        "num_iter": [
            5,
            10,
            15,
            20,
            25,
            30,
            35,
            40,
            45,
            50
        ],
        "quality": [
            0.0001437296232325025,
            0.0008273597195511684,
            0.002193756983615458,
            0.004286664770916104,
            0.0071316072717309,
            0.010723663959652185,
            0.015026129083707929,
            0.019988680258393288,
            0.02555055869743228,
            0.03163545858114958
        ],
        "wall_time": [
            7.462415974587202,
            14.943055003881454,
            22.405414388980716,
            29.827054276131094,
            37.423259179107845,
            45.381727832369506,
            53.01353669958189,
            60.69801159063354,
            68.62020166171715,
            76.13242674572393
        ]
    },