{
    "fbp": {
        "error": [
            1.3550080311122502e-26
        ],
        "num_iter": [
            "butterworth"
        ],
        "quality": [
            4.360046943538629e-24
        ],
        "wall_time": [
            1.0338655458763242
        ]
    },
    "grad": {
        "error": [
            3.917961569264814e-12,
            9.17755752672906e-21,
            3.887508193644541e-30,
            8.366691738614547e-39,
            0.0,
            0.0,
            0.0,
            0.0,
            0.0,
            0.0
        ],
        "num_iter": [
            5,
            10,
            15,
            20,
            25,
            30,
            35,
            40,
            45,
            50
        ],
        "quality": [
            2.3022709516595796e-08,
            5.610672127229601e-17,
            2.398752717600701e-26,
            4.508737582752393e-35,
            1.961817850054744e-44,
            0.0,
            0.0,
            0.0,
            0.0,
            0.0
        ],
        "wall_time": [
            6.590338026173413,
            13.251544400118291,
            19.963231407105923,
            26.572314950171858,
            33.35332099115476,
            40.19314276520163,
            46.78018480120227,
            53.314015520270914,
            60.1351019423455,
            66.97220245422795
        ]
    },
    "gridrec": {
        "error": [
            7.22288329659685e-05,
            0.0003086332748555255,
            0.001037297866982514,
            0.0012682705995965254,
            0.0005412669311183253,
            8.53903882239749e-05,
            0.0001238452775924348
        ],
        "num_iter": [
            "butterworth",
            "cosine",
            "hamming",
            "hann",
            "parzen",
            "ramlak",
            "shepp"
        ],
        "quality": [
            0.0066750566475093365,
            0.031339460983872414,
            0.03735220618546009,
            0.04285967256873846,
            0.20149359479546547,
            0.00536191847641021,
            0.010674366727471352
        ],
        "wall_time": [
            0.17790961684659123,
            0.1318941251374781,
            0.13319640699774027,
            0.10695874318480492,
            0.13941537495702505,
            0.1036966098472476,
            0.11630456987768412
        ]
    },
    "mlem": {
        "error": [
            1.8950556027745527e-05,
            8.379951446847868e-05,
            0.0001453463897492733,
            0.00017529546713887766,
            0.00020143280406522904,
            0.00021840514829760173,
            0.00023012408871786585,
            0.00023697098089581873,
            0.00024028715091241868,
            0.0002317305075147208
        ],
        "num_iter": [
            5,
            10,
            15,
            20,
            25,
            30,
            35,
            40,
            45,
            50
        ],
        "quality": [
            0.03892601002007723,
            0.1588091365993023,
            0.27171120792627335,
            0.35480277985334396,
            0.4129244536161423,
            0.45365460962057114,
            0.4826900437474251,
            0.5038389563560486,
            0.5195709764957428,
            0.5315564423799515
        ],
        "wall_time": [
            6.730375358369201,
            13.413188545498997,
            20.10832399642095,
            26.782179769594222,
            33.504695429466665,
            40.188563032541424,
            46.94990914547816,
            53.66078873351216,
            60.388192483223975,
            67.12908088508993
        ]
    },
    "osem": {
        "error": [
            1.8950556027745527e-05,
            8.379951446847868e-05,
            0.0001453463897492733,
            0.00017529546713887766,
            0.00020143280406522904,
            0.00021840514829760173,
            0.00023012408871786585,
            0.00023697098089581873,
            0.00024028715091241868,
            0.0002317305075147208
        ],
        "num_iter": [
            5,
            10,
            15,
            20,
            25,
            30,
            35,
            40,
            45,
            50
        ],
        "quality": [
            0.03892601002007723,
            0.1588091365993023,
            0.27171120792627335,
            0.35480277985334396,
            0.4129244536161423,
            0.45365460962057114,
            0.4826900437474251,
            0.5038389563560486,
            0.5195709764957428,
            0.5315564423799515
        ],
        "wall_time": [
            6.825055758934468,
            13.655528682284057,
            20.51095417747274,
            27.35653458861634,
            34.17324009677395,
            41.001891968771815,
            47.88299587601796,
            54.68354446673766,
            61.52726452797651,
            68.37767606088892
        ]
    },
    "ospml_hybrid": {
        "error": [
            2.071974544327105e-07,
            9.235612808234577e-06,
            2.446906776385212e-05,
            5.7623724517213165e-05,
            9.122500233936124e-05,
            0.00012314801787600749,
            0.00015577825880407168,
            0.00019063169099286536,
            0.00022324507168371775,
            0.0002533016862036225
        ],
        "num_iter": [
            5,
            10,
            15,
            20,
            25,
            30,
            35,
            40,
            45,
            50
        ],
        "quality": [
            0.00024015097733354196,
            0.0033006116282194853,
            0.010785323334857821,
            0.020298135932534933,
            0.030784212052822113,
            0.04193616006523371,
            0.05366855673491955,
            0.0659273024648428,
            0.07863414473831654,
            0.09169132821261883
        ],
        "wall_time": [
            7.719482990913093,
            15.543209663126618,
            23.226659276522696,
            30.884841352235526,
            38.66394530655816,
            46.523187284357846,
            54.4444300387986,
            62.51046045450494,
            70.54771715868264,
            78.2791221854277
        ]
    },
    "ospml_quad": {
        "error": [
            3.303870627814543e-08,
            4.015484447872856e-07,
            1.0341356839572865e-06,
            1.5097501746211536e-06,
            2.323919173045744e-06,
            3.3042009178656252e-06,
            5.122700069299635e-06,
            6.473780310450782e-06,
            7.436916551814013e-06,
            8.273890457068777e-06
        ],
        "num_iter": [
            5,
            10,
            15,
            20,
            25,
            30,
            35,
            40,
            45,
            50
        ],
        "quality": [
            0.00014368246775120497,
            0.0008268641104223207,
            0.0021925554610788822,
            0.004284525173716247,
            0.007128468248993158,
            0.010719398967921734,
            0.015020566759631038,
            0.019982101395726204,
            0.025542238261550665,
            0.031625603325665
        ],
        "wall_time": [
            7.018521880265325,
            14.021320027299225,
            21.26409762306139,
            28.246235741768032,
            35.54595883190632,
            42.70738152367994,
            49.88710091961548,
            57.065984749700874,
            64.27252544462681,
            71.55061707831919
        ]
    },