{
    "gridrec": {
        "error": [
            4.689289861378871e-06,
            5.2598014075471474e-05,
            4.2216175958985816e-05,
            4.767815657055429e-05,
            0.0007291854091278317,
            3.3511646172148292e-06,
            9.56744633549222e-06
        ],
        "num_iter": [
            "butterworth",
            "cosine",
            "hamming",
            "hann",
            "parzen",
            "ramlak",
            "shepp"
        ],
        "quality": [
            0.00019869981406372972,
            0.007248152047395706,
            0.0020559279364533722,
            0.0024089303333312273,
            0.2600241079926491,
            0.00012560212962853257,
            0.000512419399456121
        ],
        "wall_time": [
            1.4323958288878202,
            1.4201502036303282,
            1.3216625275090337,
            1.4369789063930511,
            1.3941196501255035,
            1.4313942836597562,
            1.4700161181390285
        ]
    }
}