{
    "gridrec": {
        "error": [
            3.890240019871199e-06,
            9.896676615460296e-05,
            4.057748222772825e-05,
            4.6190628556210495e-05,
            0.0010355089527660818,
            3.0616857942240235e-06,
            9.856813125084524e-06
        ],
        "num_iter": [
            "butterworth",
            "cosine",
            "hamming",
            "hann",
            "parzen",
            "ramlak",
            "shepp"
        ],
        "quality": [
            0.00019332319061504677,
            0.007104722084477544,
            0.002006226626690477,
            0.0023524027201347053,
            0.25964654237031937,
            0.00012115142635593656,
            0.0004974252515239641
        ],
        "wall_time": [
            1.4564019041135907,
            1.2680602381005883,
            1.4131941637024283,
            1.2738666012883186,
            1.3311302596703172,
            1.3061429876834154,
            1.4682080037891865
        ]
    }
}