{
    "mlem_cuda": {
        "error": [
            0.0,
            0.0,
            0.0,
            0.0,
            0.0,
            0.0,
            0.0,
            0.0,
            0.0,
            0.0,
            0.0,
            0.0,
            0.0,
            0.0,
            0.0,
            0.0,
            0.0,
            0.0,
            0.0,
            0.0,
            0.0,
            0.0,
            0.0,
            0.0,
            0.0,
            0.0,
            0.0,
            0.0,
            0.0,
            0.0
        ],
        "num_iter": [
            5,
            5,
            5,
            10,
            10,
            10,
            15,
            15,
            15,
            20,
            20,
            20,
            25,
            25,
            25,
            30,
            30,
            30,
            35,
            35,
            35,
            40,
            40,
            40,
            45,
            45,
            45,
            50,
            50,
            50
        ],
        "quality": [
            1.6333916370066953e-13,
            1.6333916370066953e-13,
            1.6333916370066953e-13,
            1.6333916370066953e-13,
            1.6333916370066953e-13,
            1.6333916370066953e-13,
            1.6333916370066953e-13,
            1.6333916370066953e-13,
            1.6333916370066953e-13,
            1.6333916370066953e-13,
            1.6333916370066953e-13,
            1.6333916370066953e-13,
            1.6333916370066953e-13,
            1.6333916370066953e-13,
            1.6333916370066953e-13,
            1.6333916370066953e-13,
            1.6333916370066953e-13,
            1.6333916370066953e-13,
            1.6333916370066953e-13,
            1.6333916370066953e-13,
            1.6333916370066953e-13,
            1.6333916370066953e-13,
            1.6333916370066953e-13,
            1.6333916370066953e-13,
            1.6333916370066953e-13,
            1.6333916370066953e-13,
            1.6333916370066953e-13,
            1.6333916370066953e-13,
            1.6333916370066953e-13,
            1.6333916370066953e-13
        ],
        "wall_time": [
            1.0875849910080433,
            2.8082428481429815,
            3.5321197691373527,
            2.1816959832794964,
            3.4404638931155205,
            7.054009619168937,
            3.2802822743542492,
            4.084887905512005,
            10.551256127189845,
            4.378777735400945,
            4.717398873530328,
            14.060065348166972,
            5.340258523821831,
            5.494655502494425,
            17.590675937011838,
            5.989987736102194,
            6.595101078506559,
            21.10622397204861,
            6.632995184045285,
            7.691290931310505,
            24.663405594415963,
            7.238453660160303,
            8.783863031305373,
            28.20798995438963,
            7.868299263995141,
            9.877490845043212,
            31.69860301166773,
            8.472512245643884,
            10.971297067124397,
            35.173718380741775
        ]
    },
    "sirt_cuda": {
        "error": [
            0.0,
            0.0,
            0.0,
            0.0,
            0.0,
            0.0,
            0.0,
            0.0,
            0.0,
            0.0,
            0.0,
            0.0,
            0.0,
            0.0,
            0.0,
            0.0,
            0.0,
            0.0,
            0.0,
            0.0,
            0.0,
            0.0,
            0.0,
            0.0,
            0.0,
            0.0,
            0.0,
            0.0,
            0.0,
            0.0
        ],
        "num_iter": [
            5,
            5,
            5,
            10,
            10,
            10,
            15,
            15,
            15,
            20,
            20,
            20,
            25,
            25,
            25,
            30,
            30,
            30,
            35,
            35,
            35,
            40,
            40,
            40,
            45,
            45,
            45,
            50,
            50,
            50
        ],
        "quality": [
            1.6333916370066953e-13,
            1.6333916370066953e-13,
            1.6333916370066953e-13,
            1.6333916370066953e-13,
            1.6333916370066953e-13,
            1.6333916370066953e-13,
            1.6333916370066953e-13,
            1.6333916370066953e-13,
            1.6333916370066953e-13,
            1.6333916370066953e-13,
            1.6333916370066953e-13,
            1.6333916370066953e-13,
            1.6333916370066953e-13,
            1.6333916370066953e-13,
            1.6333916370066953e-13,
            1.6333916370066953e-13,
            1.6333916370066953e-13,
            1.6333916370066953e-13,
            1.6333916370066953e-13,
            1.6333916370066953e-13,
            1.6333916370066953e-13,
            1.6333916370066953e-13,
            1.6333916370066953e-13,
            1.6333916370066953e-13,
            1.6333916370066953e-13,
            1.6333916370066953e-13,
            1.6333916370066953e-13,
            1.6333916370066953e-13,
            1.6333916370066953e-13,
            1.6333916370066953e-13
        ],
        "wall_time": [
            0.638750561978668,
            1.1025561951100826,
            3.5957778259180486,
            1.2633643299341202,
            2.193283873144537,
            7.1402071989141405,
            1.890751170925796,
            3.305983506143093,
            10.694692207966,
            2.5116858799010515,
            4.411829939112067,
            14.268067081924528,
            3.1275975750759244,
            5.510527015663683,
            17.83855040790513,
            3.757376804947853,
            6.599562420509756,
            21.40117581607774,
            4.398820788133889,
            7.705356975551695,
            25.004591187927872,
            5.047443480230868,
            8.818932745605707,
            28.611078904010355,
            5.670903198421001,
            10.236706228461117,
            32.13251932617277,
            6.316510115284473,
            11.713608648162335,
            35.71470161806792
        ]
    }
}