{
    "fbp": {
        "error": [
            8.143089602314039e-27
        ],
        "num_iter": [
            "butterworth"
        ],
        "quality": [
            4.35885152344438e-24
        ],
        "wall_time": [
            1.0865173456259072
        ]
    },
    "grad": {
        "error": [
            6.200215274318738e-12,
            1.0661141191704763e-20,
            4.3460252797782345e-30,
            8.215293434953312e-39,
            0.0,
            0.0,
            0.0,
            0.0,
            0.0,
            0.0
        ],
        "num_iter": [
            5,
            10,
            15,
            20,
            25,
            30,
            35,
            40,
            45,
            50
        ],
        "quality": [
            2.3029902429527738e-08,
            5.61284794311286e-17,
            2.3996532824426964e-26,
            4.510429077797253e-35,
            1.961817850054744e-44,
            0.0,
            0.0,
            0.0,
            0.0,
            0.0
        ],
        "wall_time": [
            6.490861345082521,
            12.99996253522113,
            19.460588856600225,
            26.19629519060254,
            32.76514356164262,
            39.27391699235886,
            45.749314355663955,
            52.2246313537471,
            59.13889160845429,
            65.80635517043993
        ]
    },
    "gridrec": {
        "error": [
            0.00015220537770263033,
            0.0003800865982857764,
            0.000976697416823442,
            0.001125329360710306,
            0.0006899185230973719,
            0.000135172250763907,
            0.0002177112881038589
        ],
        "num_iter": [
            "butterworth",
            "cosine",
            "hamming",
            "hann",
            "parzen",
            "ramlak",
            "shepp"
        ],
        "quality": [
            0.006784992292523384,
            0.03119783941656351,
            0.03733827546238899,
            0.04273850657045841,
            0.20066458359360695,
            0.0054340900387614965,
            0.010762227000668645
        ],
        "wall_time": [
            0.16106639197096229,
            0.15816591680049896,
            0.14934244705364108,
            0.1500798179768026,
            0.15188424475491047,
            0.14928818587213755,
            0.15474868705496192
        ]
    },
    "mlem": {
        "error": [
            3.9140009910184863e-05,
            0.00011460776374683466,
            0.000126157751229857,
            0.00014051859220491275,
            0.0001772345031660087,
            0.00021755217824453112,
            0.00024669955592144464,
            0.00027399482541050937,
            0.0003052525253134695,
            0.00033085349200384157
        ],
        "num_iter": [
            5,
            10,
            15,
            20,
            25,
            30,
            35,
            40,
            45,
            50
        ],
        "quality": [
            0.03892840165644884,
            0.15882552042603493,
            0.27177248150110245,
            0.35489771515130997,
            0.41301462799310684,
            0.4537315294146538,
            0.4827597662806511,
            0.5039069503545761,
            0.5196498185396194,
            0.531648114323616
        ],
        "wall_time": [
            6.6417225962504745,
            13.18671689229086,
            19.658025696873665,
            26.149347305763513,
            32.64385342178866,
            39.0763305388391,
            45.33706884505227,
            51.313274363055825,
            57.3298431080766,
            63.39820370124653
        ]
    },
    "osem": {
        "error": [
            3.9140009910184863e-05,
            0.00011460776374683466,
            0.000126157751229857,
            0.00014051859220491275,
            0.0001772345031660087,
            0.00021755217824453112,
            0.00024669955592144464,
            0.00027399482541050937,
            0.0003052525253134695,
            0.00033085349200384157
        ],
        "num_iter": [
            5,
            10,
            15,
            20,
            25,
            30,
            35,
            40,
            45,
            50
        ],
        "quality": [
            0.03892840165644884,
            0.15882552042603493,
            0.27177248150110245,
            0.35489771515130997,
            0.41301462799310684,
            0.4537315294146538,
            0.4827597662806511,
            0.5039069503545761,
            0.5196498185396194,
            0.531648114323616
        ],
        "wall_time": [
            6.451190171763301,
            12.828035172075033,
            19.171239752322435,
            25.545161162503064,
            31.94614717224613,
            38.39030673960224,
            44.80218069860712,
            51.19024007348344,
            57.55443724850193,
            63.90138477785513
        ]
    },
    "ospml_hybrid": {
        "error": [
            4.205817131383585e-07,
            1.0023555447644992e-05,
            4.524420012100942e-05,
            0.00011155354689822279,
            0.00016983153029221065,
            0.00021142354815659178,
            0.00024500389569236564,
            0.00027536196406455454,
            0.0002928633891565209,
            0.0003143949676372527
        ],
        "num_iter": [
            5,
            10,
            15,
            20,
            25,
            30,
            35,
            40,
            45,
            50
        ],
        "quality": [
            0.00024049191779340617,
            0.0033056798856705427,
            0.010811641113832593,
            0.020367971621453762,
            0.03091855300590396,
            0.04215048719197512,
            0.05395012814551592,
            0.06626292876899242,
            0.07900767028331757,
            0.092095497995615
        ],
        "wall_time": [
            7.2995579107664526,
            14.657732287421823,
            21.793694387655705,
            29.136176072992384,
            36.569519713986665,
            43.92536152806133,
            51.383865176234394,
            58.777199872303754,
            66.26362912263721,
            73.70574406348169
        ]
    },
    "ospml_quad": {
        "error": [
            1.203637229216391e-07,
            6.061950114638121e-07,
            1.925728089639348e-06,
            3.7511375130767386e-06,
            6.376612653603395e-06,
            9.3088058627794e-06,
            1.2846947852437091e-05,
            1.674665227995846e-05,
            2.1281779617534553e-05,
            2.5008591348502777e-05
        ],
        "num_iter": [
            5,
            10,
            15,
            20,
            25,
            30,
            35,
            40,
            45,
            50
        ],
        "quality": [
            0.0001437747268937528,
            0.0008276006992673501,
            0.0021941313170827925,
            0.004287488758563995,
            0.007133003324270248,
            0.010725634638220072,
            0.01502935029566288,
            0.01999349519610405,
            0.025556698441505432,
            0.03164322767406702
        ],
        "wall_time": [
            6.9539246410131454,
            13.710780416149646,
            20.547715317457914,
            27.399734476581216,
            34.06546616740525,
            40.70544482534751,
            47.315598890185356,
            54.12572214426473,
            60.706367595586926,
            67.44012490240857
        ]
    },