{
    "fbp": {
        "error": [
            8.83602221076688e-27
        ],
        "num_iter": [
            "butterworth"
        ],
        "quality": [
            4.375246321029975e-24
        ],
        "wall_time": [
            1.2145222607068717
        ]
    },
    "grad": {
        "error": [
            4.3029382507444064e-12,
            1.333799443684334e-20,
            5.88965121795784e-30,
            1.1107633424243277e-38,
            0.0,
            0.0,
            0.0,
            0.0,
            0.0,
            0.0
        ],
        "num_iter": [
            5,
            6,
            8,
            10,
            13,
            17,
            23,
            29,
            38,
            49
        ],
        "quality": [
            2.3026796913683256e-08,
            5.61210265338095e-17,
            2.399334309925307e-26,
            4.5099061894410036e-35,
            1.961817850054744e-44,
            0.0,
            0.0,
            0.0,
            0.0,
            0.0
        ],
        "wall_time": [
            6.910625459160656,
            13.921021228190511,
            20.692667502444237,
            27.587258738465607,
            34.5193890593946,
            41.65563236735761,
            48.83843036508188,
            56.1075943140313,
            62.87945649912581,
            69.93700472498313
        ]
    },
    "gridrec": {
        "error": [
            8.894301443706658e-05,
            0.00041268057574636726,
            0.0002483620808180948,
            0.0003074557560076935,
            0.0005023743574405628,
            7.562406278584595e-05,
            0.00013715709026402588
        ],
        "num_iter": [
            "butterworth",
            "cosine",
            "hamming",
            "hann",
            "parzen",
            "ramlak",
            "shepp"
        ],
        "quality": [
            0.006732880603522062,
            0.03141009388491511,
            0.036923905834555626,
            0.04228441137820482,
            0.2014162689447403,
            0.005385859403759241,
            0.010694295633584261
        ],
        "wall_time": [
            0.17990405997261405,
            0.12781020812690258,
            0.12610273575410247,
            0.1542819757014513,
            0.1626569740474224,
            0.1598001210950315,
            0.17030310397967696
        ]
    },
    "mlem": {
        "error": [
            5.3194670510919146e-05,
            0.00016233059831091644,
            0.00022642087752863512,
            0.00027555480415723197,
            0.00031404460946035694,
            0.0003315115128292902,
            0.0003468197695864768,
            0.00035202740370690746,
            0.0003415945321944077,
            0.0003169207671204531
        ],
        "num_iter": [
            5,
            6,
            8,
            10,
            13,
            17,
            23,
            29,
            38,
            49
        ],
        "quality": [
            0.03892058599740267,
            0.15880731493234634,
            0.2717394530773163,
            0.35483918339014053,
            0.4129258543252945,
            0.45362869650125504,
            0.4826592803001404,
            0.5038274526596069,
            0.5195961445569992,
            0.5316514521837234
        ],
        "wall_time": [
            6.888577147386968,
            13.883197105489671,
            21.138101880438626,
            28.138644812628627,
            35.18556236801669,
            42.19916214281693,
            49.171932820696384,
            56.20935342973098,
            63.200914782937616,
            70.11320539889857
        ]
    },
    "osem": {
        "error": [
            5.3194670510919146e-05,
            0.00016233059831091644,
            0.00022642087752863512,
            0.00027555480415723197,
            0.00031404460946035694,
            0.0003315115128292902,
            0.0003468197695864768,
            0.00035202740370690746,
            0.0003415945321944077,
            0.0003169207671204531
        ],
        "num_iter": [
            5,
            6,
            8,
            10,
            13,
            17,
            23,
            29,
            38,
            49
        ],
        "quality": [
            0.03892058599740267,
            0.15880731493234634,
            0.2717394530773163,
            0.35483918339014053,
            0.4129258543252945,
            0.45362869650125504,
            0.4826592803001404,
            0.5038274526596069,
            0.5195961445569992,
            0.5316514521837234
        ],
        "wall_time": [
            6.802262018900365,
            13.760217304807156,
            20.864763882011175,
            27.875952267087996,
            34.758507376071066,
            41.60498323710635,
            48.52608812507242,
            55.55692093912512,
            62.513219461310655,
            69.3877481855452
        ]
    },
    "ospml_hybrid": {
        "error": [
            5.159922879489071e-07,
            1.3576160143353943e-05,
            4.006391744366174e-05,
            8.162016009474252e-05,
            0.00012794639731781988,
            0.00015697623754221108,
            0.0001837799827916205,
            0.00019578914771953537,
            0.00020179414603728428,
            0.00020828085865384085
        ],
        "num_iter": [
            5,
            6,
            8,
            10,
            13,
            17,
            23,
            29,
            38,
            49
        ],
        "quality": [
            0.00024030146596487612,
            0.0032996502704918385,
            0.010778966126963496,
            0.02031970489770174,
            0.030843188520520926,
            0.04203393496572971,
            0.05379762686789036,
            0.0660765953361988,
            0.07879028283059597,
            0.09184879064559937
        ],
        "wall_time": [
            8.25483540026471,
            16.501251581590623,
            24.556122014764696,
            32.64751504268497,
            40.69473603088409,
            48.76281898189336,
            56.979214747902006,
            65.37948647886515,
            73.51804255880415,
            82.00551929790527
        ]
    },
    "ospml_quad": {
        "error": [
            1.4725676969932667e-07,
            7.766176150657653e-07,
            2.559987130768838e-06,
            5.086307212254689e-06,
            8.835242602462778e-06,
            1.3395585059102254e-05,
            1.8665065154534442e-05,
            2.5184161363549596e-05,
            3.1925374818580656e-05,
            4.025195651519423e-05
        ],
        "num_iter": [
            5,
            6,
            8,
            10,
            13,
            17,
            23,
            29,
            38,
            49
        ],
        "quality": [
            0.0001436847960576415,
            0.0008269672835012898,
            0.002192922867834568,
            0.004285065224394202,
            0.007128623081371188,
            0.010719663230702281,
            0.015020759543403983,
            0.019982244819402695,
            0.025542843621224165,
            0.03162715025246143
        ],
        "wall_time": [
            7.766753127332777,
            15.265421628020704,
            22.510019831359386,
            29.685421124566346,
            37.00061797350645,
            44.185528341680765,
            51.477669215761125,
            58.72788603976369,
            66.12410658411682,
            73.26508302614093
        ]
    },