{
    "fbp": {
        "error": [
            1.3332332005075387e-26
        ],
        "num_iter": [
            "butterworth"
        ],
        "quality": [
            4.380231133090066e-24
        ],
        "wall_time": [
            1.123449836857617
        ]
    },
    "grad": {
        "error": [
            4.30467697496725e-12,
            1.4595653826939605e-20,
            6.321015202845239e-30,
            1.1947220114409014e-38,
            0.0,
            0.0,
            0.0,
            0.0,
            0.0,
            0.0
        ],
        "num_iter": [
            5,
            10,
            15,
            20,
            25,
            30,
            35,
            40,
            45,
            50
        ],
        "quality": [
            2.3026395457037552e-08,
            5.611569121885853e-17,
            2.3991298917210097e-26,
            4.509483028693863e-35,
            1.961817850054744e-44,
            0.0,
            0.0,
            0.0,
            0.0,
            0.0
        ],
        "wall_time": [
            6.789287051651627,
            13.788371220696718,
            20.7759620686993,
            27.711267915088683,
            34.57233561389148,
            41.383537186309695,
            48.12739603035152,
            55.143696897663176,
            62.11540553951636,
            68.99784312956035
        ]
    },
    "gridrec": {
        "error": [
            0.00017074615866821208,
            0.0004512662017451355,
            0.0006083054078539141,
            0.0007032257796952188,
            0.0005342757334396553,
            0.00013694009532307062,
            0.0002450948188986551
        ],
        "num_iter": [
            "butterworth",
            "cosine",
            "hamming",
            "hann",
            "parzen",
            "ramlak",
            "shepp"
        ],
        "quality": [
            0.006600988446734846,
            0.030782980378717184,
            0.03787032142281532,
            0.04351215623319149,
            0.2005353905260563,
            0.005327101796865463,
            0.01055802940391004
        ],
        "wall_time": [
            0.16642875270918012,
            0.15225754817947745,
            0.13254472007974982,
            0.13348111091181636,
            0.15941156214103103,
            0.16300785588100553,
            0.1530967429280281
        ]
    },
    "mlem": {
        "error": [
            3.115979063215499e-05,
            6.610799725316072e-05,
            9.50971536935395e-05,
            0.00012034143530126815,
            0.000116435702447263,
            0.0001023147309430773,
            8.467749592151429e-05,
            7.1630256944281e-05,
            7.525785102133554e-05,
            9.110901287910525e-05
        ],
        "num_iter": [
            5,
            10,
            15,
            20,
            25,
            30,
            35,
            40,
            45,
            50
        ],
        "quality": [
            0.038910177536308765,
            0.15875939652323723,
            0.27163922786712646,
            0.3547170087695122,
            0.41282152384519577,
            0.45354970544576645,
            0.4825970008969307,
            0.5037694722414017,
            0.5195432007312775,
            0.5315834432840347
        ],
        "wall_time": [
            6.694141341838986,
            13.230331721715629,
            19.86381256673485,
            26.540348609909415,
            33.11641622707248,
            39.87249440001324,
            46.4473751722835,
            53.02165907714516,
            59.66531528439373,
            66.30201562354341
        ]
    },
    "osem": {
        "error": [
            3.115979063215499e-05,
            6.610799725316072e-05,
            9.50971536935395e-05,
            0.00012034143530126815,
            0.000116435702447263,
            0.0001023147309430773,
            8.467749592151429e-05,
            7.1630256944281e-05,
            7.525785102133554e-05,
            9.110901287910525e-05
        ],
        "num_iter": [
            5,
            10,
            15,
            20,
            25,
            30,
            35,
            40,
            45,
            50
        ],
        "quality": [
            0.038910177536308765,
            0.15875939652323723,
            0.27163922786712646,
            0.3547170087695122,
            0.41282152384519577,
            0.45354970544576645,
            0.4825970008969307,
            0.5037694722414017,
            0.5195432007312775,
            0.5315834432840347
        ],
        "wall_time": [
            6.605495654977858,
            13.480705682188272,
            20.05740950629115,
            26.678152616601437,
            33.333894091658294,
            39.97453219257295,
            46.79506013682112,
            53.713757587596774,
            60.345681057777256,
            67.0771259367466
        ]
    },
    "ospml_hybrid": {
        "error": [
            1.797369352955125e-07,
            8.011873549717925e-06,
            3.247053049343398e-05,
            7.0204501927557e-05,
            8.892281030485888e-05,
            9.140288354024638e-05,
            9.117919606591023e-05,
            0.00010512048910987146,
            0.00013336437648586746,
            0.00017120413236141618
        ],
        "num_iter": [
            5,
            10,
            15,
            20,
            25,
            30,
            35,
            40,
            45,
            50
        ],
        "quality": [
            0.00024026137907640077,
            0.0033060525893233716,
            0.01077588857151568,
            0.020288370084017515,
            0.03076498582959175,
            0.04191339947283268,
            0.05365302134305239,
            0.06591496989130974,
            0.07862958125770092,
            0.09169589728116989
        ],
        "wall_time": [
            7.466701054945588,
            15.012731371913105,
            22.783551767934114,
            30.261786689050496,
            37.783688839990646,
            45.28802937315777,
            53.092471287120134,
            60.92477199109271,
            68.46216838108376,
            75.95189177291468
        ]
    },
    "ospml_quad": {
        "error": [
            1.3103919363757546e-07,
            6.722541477260517e-07,
            2.014397003656262e-06,
            4.1310165031877425e-06,
            7.095987524291074e-06,
            1.0382837231562563e-05,
            1.4246356142203687e-05,
            1.8329361318219895e-05,
            2.2572003129310775e-05,
            2.6998744065391865e-05
        ],
        "num_iter": [
            5,
            10,
            15,
            20,
            25,
            30,
            35,
            40,
            45,
            50
        ],
        "quality": [
            0.0001436967468180228,
            0.000827043186291121,
            0.0021930019720457494,
            0.004285339615307748,
            0.007129221106879413,
            0.01072030677460134,
            0.015021842904388905,
            0.01998368836939335,
            0.025544804520905018,
            0.03163028787821531
        ],
        "wall_time": [
            6.880477515049279,
            13.875905254855752,
            20.874033704865724,
            27.86397292977199,
            35.06679081777111,
            42.40447517251596,
            49.43772824341431,
            56.365114010404795,
            63.31600529933348,
            70.22945878561586
        ]
    },