{
    "gridrec": {
        "error": [
            1.544158260278125e-07,
            1.0869804391938496e-05,
            1.0978803438261649e-06,
            1.2784794520526231e-06,
            0.003555627749663287,
            9.119900796888391e-08,
            3.7694791202731543e-07
        ],
        "num_iter": [
            "butterworth",
            "cosine",
            "hamming",
            "hann",
            "parzen",
            "ramlak",
            "shepp"
        ],
        "quality": [
            1.2504504240951064e-06,
            0.00012191970381536521,
            1.1175621921211132e-05,
            1.3131815421729698e-05,
            0.07859167456626892,
            6.944021890831209e-07,
            3.6764669744115963e-06
        ],
        "wall_time": [
            0.07268433831632137,
            0.025911496952176094,
            0.02274623792618513,
            0.023928213864564896,
            0.02462814748287201,
            0.021631596609950066,
            0.025959950871765614
        ]
    },
    "sirt_cuda": {
        "error": [
            4.344790904093615e-06,
            4.05798028853569e-06,
            4.08025827797375e-06,
            4.1197161954190034e-05,
            3.900492960790399e-05,
            3.813027287177586e-05,
            0.00012659439342659268,
            0.00011711030749694327,
            0.00011483112595764274,
            0.0002710543402076918,
            0.0002505316849771961,
            0.0002455433968572297,
            0.0006833622791230247,
            0.0006210180297095651,
            0.0006362137294225929,
            0.0011725079394075638,
            0.0010651612358463362,
            0.0010958310794720553,
            0.0016611619219008542,
            0.0015041655835589497,
            0.0015519332129306893,
            0.0023106140569016252,
            0.0020744842594572544,
            0.002148347516526585,
            0.0029647012609126957,
            0.002632799441476775,
            0.002736013650364628,
            0.0034896583155869,
            0.0030911193729748253,
            0.003217144250593025,
            0.0038767647739579953,
            0.003517100298949835,
            0.003651293592390505,
            0.004158340515028219,
            0.004012132792665812,
            0.004144823560965232,
            0.0044324829221589306,
            0.004594438074699896,
            0.004744422488532581
        ],
        "num_iter": [
            1,
            1,
            1,
            2,
            2,
            2,
            3,
            3,
            3,
            4,
            4,
            4,
            6,
            6,
            6,
            8,
            8,
            8,
            10,
            10,
            10,
            13,
            13,
            13,
            17,
            17,
            17,
            22,
            22,
            22,
            29,
            29,
            29,
            38,
            38,
            38,
            49,
            49,
            49
        ],
        "quality": [
            0.0004341203675721772,
            0.00043420149449957535,
            0.0004347683789092116,
            0.0031949442927725613,
            0.003201003244612366,
            0.0032048578141257167,
            0.009124027099460363,
            0.0091567097697407,
            0.009165255352854729,
            0.018310739658772945,
            0.018419422209262848,
            0.018422790337353945,
            0.044825479388237,
            0.045277299359440804,
            0.045363130047917366,
            0.0786057785153389,
            0.07974618673324585,
            0.08010051026940346,
            0.11527172476053238,
            0.11748749762773514,
            0.11834013648331165,
            0.16849896684288979,
            0.1729625016450882,
            0.17497320473194122,
            0.22730093076825142,
            0.23548991605639458,
            0.23956121504306793,
            0.27697936445474625,
            0.2900005951523781,
            0.29682883620262146,
            0.31040535122156143,
            0.32903284579515457,
            0.3389554023742676,
            0.3166786804795265,
            0.339580699801445,
            0.35136256366968155,
            0.3006442040205002,
            0.32506076246500015,
            0.33634133636951447
        ],
        "wall_time": [
            1.8278681207448244,
            0.7046175925061107,
            0.6298706009984016,
            2.41082211304456,
            1.1572935236617923,
            1.6835053963586688,
            2.8160606222227216,
            1.867626378312707,
            2.336431852541864,
            3.4170238487422466,
            2.308382566086948,
            3.383907126262784,
            3.941610747948289,
            4.396631493233144,
            3.4188178572803736,
            4.883643435314298,
            6.191721461713314,
            4.037584981881082,
            5.406290530227125,
            7.196310979314148,
            5.150780490599573,
            6.6866422006860375,
            9.822249765507877,
            5.926649100147188,
            7.449010016396642,
            11.570880738086998,
            7.902902226895094,
            9.400020882487297,
            15.66379975154996,
            9.02620399184525,
            10.515582817606628,
            18.540360533632338,
            12.2460703458637,
            13.87108303885907,
            25.790527711622417,
            14.007007428444922,
            15.48919430281967,
            30.092778991907835,
            18.919441296719015
        ]
    }
}