{
    "gridrec": {
        "error": [
            2.5069162977587435e-08,
            7.709843729446552e-06,
            2.3755693707399246e-06,
            2.9405335740256847e-06,
            0.0012814914297162275,
            6.358595803686553e-08,
            1.4039111147171194e-07
        ],
        "num_iter": [
            "butterworth",
            "cosine",
            "hamming",
            "hann",
            "parzen",
            "ramlak",
            "shepp"
        ],
        "quality": [
            8.982671175772339e-07,
            9.812392818275839e-05,
            1.0680682748898107e-05,
            1.2939005273437942e-05,
            0.07498077861964703,
            4.87887774625051e-07,
            2.698800358302833e-06
        ],
        "wall_time": [
            0.06294878851622343,
            0.03482422325760126,
            0.029745285399258137,
            0.030278819613158703,
            0.028125591576099396,
            0.029489822685718536,
            0.029602416791021824
        ]
    },
    "sirt_cuda": {
        "error": [
            3.6529008350975654e-06,
            3.780011358989295e-06,
            3.958994247687064e-06,
            2.6059820395252074e-05,
            2.3045877956055675e-05,
            2.3913529061150842e-05,
            6.681827696995047e-05,
            5.816853579608204e-05,
            6.190121275133123e-05,
            0.00014294484650269177,
            0.00013560450780680027,
            0.00012657484917155153,
            0.000366421876349829,
            0.0003643800464955558,
            0.0003395908632290933,
            0.0006701286840025209,
            0.0006929644550988295,
            0.0006505429483455558,
            0.0010032537486711268,
            0.0010665857477130901,
            0.0010092490401477335,
            0.0014667264256577551,
            0.0016029100372821389,
            0.0015324351301895368,
            0.0019119783837041769,
            0.002137718306805503,
            0.0020658714847141997,
            0.0021691747535533463,
            0.00246587675254868,
            0.0024042624495047064,
            0.0021493835319716524,
            0.0024785409540106487,
            0.0024398593242826736,
            0.001889862068014227,
            0.002211592617636078,
            0.002193663838329486,
            0.0016028039851782197,
            0.0018891750817013944,
            0.0018914062072093272
        ],
        "num_iter": [
            1,
            1,
            1,
            2,
            2,
            2,
            3,
            3,
            3,
            4,
            4,
            4,
            6,
            6,
            6,
            8,
            8,
            8,
            10,
            10,
            10,
            13,
            13,
            13,
            17,
            17,
            17,
            22,
            22,
            22,
            29,
            29,
            29,
            38,
            38,
            38,
            49,
            49,
            49
        ],
        "quality": [
            0.0004309241921873763,
            0.0004311209268053062,
            0.0004312277160352096,
            0.003174539771862328,
            0.0031758456025272608,
            0.0031774400267750025,
            0.00909380754455924,
            0.009116307832300663,
            0.009117024950683117,
            0.018259787932038307,
            0.018337614368647337,
            0.018351757433265448,
            0.044705322943627834,
            0.045069619081914425,
            0.04520371928811073,
            0.07836867682635784,
            0.07934298366308212,
            0.07978760451078415,
            0.11489606462419033,
            0.11683587916195393,
            0.11782418750226498,
            0.1678948663175106,
            0.17186979949474335,
            0.17407896369695663,
            0.2264220267534256,
            0.23377779498696327,
            0.23810622841119766,
            0.27583707869052887,
            0.28759515285491943,
            0.2947072386741638,
            0.3090391382575035,
            0.3259364813566208,
            0.33612509816884995,
            0.3151990994811058,
            0.3360310047864914,
            0.3480367287993431,
            0.2991402745246887,
            0.32136885821819305,
            0.3328319117426872
        ],
        "wall_time": [
            0.7080283211544156,
            0.6505460552871227,
            2.1600356129929423,
            2.782247031107545,
            1.1520118983462453,
            1.6910083163529634,
            3.194895871914923,
            1.8801437644287944,
            2.346412534825504,
            3.7786915646865964,
            3.3819963904097676,
            2.3259081225842237,
            4.2686592023819685,
            4.392021406441927,
            3.414554327726364,
            5.224103905260563,
            6.237534639425576,
            4.030724301934242,
            5.761475385166705,
            7.245936527848244,
            5.155202162452042,
            7.043325773440301,
            9.83361850026995,
            5.927662481553853,
            7.8010564455762506,
            11.57623225916177,
            7.867840836755931,
            9.743936645798385,
            15.718383762054145,
            8.970570058561862,
            10.849362816661596,
            18.556401243433356,
            12.227275039069355,
            14.201669273898005,
            25.760507595725358,
            13.961655743420124,
            15.795879404991865,
            30.057051016949117,
            18.89634373318404
        ]
    }
}