{
    "fbp": {
        "error": [
            1.2303255445004662e-26
        ],
        "num_iter": [
            "butterworth"
        ],
        "quality": [
            4.369610797330689e-24
        ],
        "wall_time": [
            1.0819875169545412
        ]
    },
    "grad": {
        "error": [
            5.257685717841003e-12,
            8.482080695146858e-21,
            3.871865495576845e-30,
            6.7464178592917e-39,
            0.0,
            0.0,
            0.0,
            0.0,
            0.0,
            0.0
        ],
        "num_iter": [
            5,
            10,
            15,
            20,
            25,
            30,
            35,
            40,
            45,
            50
        ],
        "quality": [
            2.3027444839840427e-08,
            5.612237318384674e-17,
            2.399401948584954e-26,
            4.5099530398933405e-35,
            1.961817850054744e-44,
            0.0,
            0.0,
            0.0,
            0.0,
            0.0
        ],
        "wall_time": [
            6.6350996838882565,
            13.473217810038477,
            20.429946295917034,
            27.2821220359765,
            34.23355872090906,
            41.12683829385787,
            47.94021090725437,
            54.795163289643824,
            61.59009496169165,
            68.4878874225542
        ]
    },
    "gridrec": {
        "error": [
            0.00027988554295182186,
            0.000597999156717343,
            0.0009841906454293764,
            0.0011087806420732678,
            0.0007458382348759586,
            0.00022462627665215378,
            0.00036005621730109827
        ],
        "num_iter": [
            "butterworth",
            "cosine",
            "hamming",
            "hann",
            "parzen",
            "ramlak",
            "shepp"
        ],
        "quality": [
            0.006527193472720683,
            0.030949063133448362,
            0.0367745216935873,
            0.04225510824471712,
            0.2000485137104988,
            0.005210195202380419,
            0.010451963869854808
        ],
        "wall_time": [
            0.17136952793225646,
            0.16061558993533254,
            0.16724940109997988,
            0.1679652091115713,
            0.1374478181824088,
            0.1568353590555489,
            0.1688841707073152
        ]
    },
    "mlem": {
        "error": [
            4.8894471453400614e-05,
            0.00013951859925477098,
            0.0001999577180463998,
            0.0002313260976733872,
            0.0002517790374782424,
            0.0002692985504026803,
            0.0002875504847648831,
            0.000304058308812844,
            0.0003217322146502465,
            0.00034796460943538343
        ],
        "num_iter": [
            5,
            10,
            15,
            20,
            25,
            30,
            35,
            40,
            45,
            50
        ],
        "quality": [
            0.03891077358275652,
            0.15876159816980362,
            0.2717015817761421,
            0.3548266291618347,
            0.4129621908068657,
            0.45370370894670486,
            0.48277202248573303,
            0.5039475113153458,
            0.5196991860866547,
            0.5317016690969467
        ],
        "wall_time": [
            6.452078476082534,
            12.847145379986614,
            19.37546121329069,
            25.834978852421045,
            32.335882782470435,
            38.82242043828592,
            45.57294835569337,
            52.19365749368444,
            58.8430598876439,
            65.40469801053405
        ]
    },
    "osem": {
        "error": [
            4.8894471453400614e-05,
            0.00013951859925477098,
            0.0001999577180463998,
            0.0002313260976733872,
            0.0002517790374782424,
            0.0002692985504026803,
            0.0002875504847648831,
            0.000304058308812844,
            0.0003217322146502465,
            0.00034796460943538343
        ],
        "num_iter": [
            5,
            10,
            15,
            20,
            25,
            30,
            35,
            40,
            45,
            50
        ],
        "quality": [
            0.03891077358275652,
            0.15876159816980362,
            0.2717015817761421,
            0.3548266291618347,
            0.4129621908068657,
            0.45370370894670486,
            0.48277202248573303,
            0.5039475113153458,
            0.5196991860866547,
            0.5317016690969467
        ],
        "wall_time": [
            6.8770086714066565,
            14.042112191207707,
            20.785611030180007,
            27.567358166445047,
            34.38350316835567,
            41.07261468330398,
            47.571102392394096,
            54.453952237498015,
            61.440222665667534,
            68.6394371734932
        ]
    },
    "ospml_hybrid": {
        "error": [
            5.214603076247912e-07,
            1.15500677844834e-05,
            2.7305042354534756e-05,
            3.366122074100196e-05,
            5.379051629627022e-05,
            8.533461555827104e-05,
            0.00010129488903146247,
            0.00011238737974909016,
            0.00011533048945414178,
            0.00011259140639831052
        ],
        "num_iter": [
            5,
            10,
            15,
            20,
            25,
            30,
            35,
            40,
            45,
            50
        ],
        "quality": [
            0.0002402126556262374,
            0.0033025553566403687,
            0.010778933297842741,
            0.020292428322136402,
            0.030800482723861933,
            0.04197960067540407,
            0.053717329166829586,
            0.06597011908888817,
            0.07866651751101017,
            0.09170880354940891
        ],
        "wall_time": [
            8.19231382617727,
            16.274175382219255,
            24.251115683000535,
            32.38810188090429,
            39.90566913085058,
            48.107054587919265,
            55.89984735986218,
            63.64631563285366,
            71.33887113397941,
            79.30626528011635
        ]
    },
    "ospml_quad": {
        "error": [
            9.687314421545951e-08,
            8.860863879403449e-07,
            1.700305129720112e-06,
            3.174555337311919e-06,
            4.814544562196133e-06,
            6.913231133140362e-06,
            1.0003657374095118e-05,
            1.2582962305134308e-05,
            1.4992209399910075e-05,
            1.7186558938606615e-05
        ],
        "num_iter": [
            5,
            10,
            15,
            20,
            25,
            30,
            35,
            40,
            45,
            50
        ],
        "quality": [
            0.00014369395285029896,
            0.0008269141253549606,
            0.002192844869568944,
            0.004284646711312234,
            0.007128339726477861,
            0.010718763573095202,
            0.015019873855635524,
            0.01998133398592472,
            0.02554112859070301,
            0.03162424173206091
        ],
        "wall_time": [
            7.074436490889639,
            14.183650366030633,
            21.104281018022448,
            28.092838224954903,
            35.0573828346096,
            41.99601561482996,
            49.02147152367979,
            56.108556158840656,
            62.96845654491335,
            70.03220953699201
        ]
    },