{
    "fbp": {
        "error": [
            1.2585056998685285e-26
        ],
        "num_iter": [
            "butterworth"
        ],
        "quality": [
            4.3800516672341286e-24
        ],
        "wall_time": [
            0.8859110111370683
        ]
    },
    "grad": {
        "error": [
            6.407098117809457e-12,
            1.3113179223511266e-20,
            5.747751301803966e-30,
            1.123520711405223e-38,
            0.0,
            0.0,
            0.0,
            0.0,
            0.0,
            0.0
        ],
        "num_iter": [
            5,
            10,
            15,
            20,
            25,
            30,
            35,
            40,
            45,
            50
        ],
        "quality": [
            2.3028336570973806e-08,
            5.612087929566046e-17,
            2.3992961379938092e-26,
            4.5098894725108436e-35,
            1.961817850054744e-44,
            0.0,
            0.0,
            0.0,
            0.0,
            0.0
        ],
        "wall_time": [
            6.75802301382646,
            13.31534247705713,
            19.944456472992897,
            26.613093213178217,
            33.15764127811417,
            39.6125653591007,
            46.110612622927874,
            52.57836233731359,
            58.99817942548543,
            65.85262960474938
        ]
    },
    "gridrec": {
        "error": [
            0.00016020102649922022,
            0.0004712519702318432,
            0.0005046411270190681,
            0.0006197103945181706,
            0.001139442386165577,
            0.00013788546762090464,
            0.00019667071171283398
        ],
        "num_iter": [
            "butterworth",
            "cosine",
            "hamming",
            "hann",
            "parzen",
            "ramlak",
            "shepp"
        ],
        "quality": [
            0.006648380076512694,
            0.031075937673449516,
            0.0370071604847908,
            0.04242429602891207,
            0.20128430053591728,
            0.005322338081896305,
            0.010582024697214365
        ],
        "wall_time": [
            0.15639494685456157,
            0.13986026588827372,
            0.14941495470702648,
            0.14829157991334796,
            0.11350174620747566,
            0.14869101205840707,
            0.14504360174760222
        ]
    },
    "mlem": {
        "error": [
            3.6760443893005897e-05,
            0.0001408415530099231,
            0.00024253918434788912,
            0.00032180131091739847,
            0.0003689869857565468,
            0.0003909049585025851,
            0.0003849470895462352,
            0.00036712257410501743,
            0.00035682360389689753,
            0.00034874955350594293
        ],
        "num_iter": [
            5,
            10,
            15,
            20,
            25,
            30,
            35,
            40,
            45,
            50
        ],
        "quality": [
            0.03893320634961128,
            0.15876534953713417,
            0.2716068997979164,
            0.35469159483909607,
            0.41282398253679276,
            0.4535820856690407,
            0.48265913128852844,
            0.503852903842926,
            0.5196415334939957,
            0.5316738933324814
        ],
        "wall_time": [
            6.60482070222497,
            13.175086898263544,
            19.812593872193247,
            26.347322448156774,
            32.90216590324417,
            39.63268771627918,
            46.234509371221066,
            52.79492907226086,
            59.33688949747011,
            66.02521365275607
        ]
    },
    "osem": {
        "error": [
            3.6760443893005897e-05,
            0.0001408415530099231,
            0.00024253918434788912,
            0.00032180131091739847,
            0.0003689869857565468,
            0.0003909049585025851,
            0.0003849470895462352,
            0.00036712257410501743,
            0.00035682360389689753,
            0.00034874955350594293
        ],
        "num_iter": [
            5,
            10,
            15,
            20,
            25,
            30,
            35,
            40,
            45,
            50
        ],
        "quality": [
            0.03893320634961128,
            0.15876534953713417,
            0.2716068997979164,
            0.35469159483909607,
            0.41282398253679276,
            0.4535820856690407,
            0.48265913128852844,
            0.503852903842926,
            0.5196415334939957,
            0.5316738933324814
        ],
        "wall_time": [
            6.701759482733905,
            13.407016293611377,
            20.196563760749996,
            27.013765077572316,
            33.829759990330786,
            40.64262773562223,
            47.32302190642804,
            54.127489587292075,
            60.89170201541856,
            67.6105532697402
        ]
    },
    "ospml_hybrid": {
        "error": [
            3.311362236860106e-07,
            4.119527164554563e-06,
            1.4032008561881663e-05,
            3.372104289924348e-05,
            5.8387719807365814e-05,
            7.843556474294822e-05,
            0.00010456704495372433,
            0.00013105028809690526,
            0.00015403338528194698,
            0.00017890938372440386
        ],
        "num_iter": [
            5,
            10,
            15,
            20,
            25,
            30,
            35,
            40,
            45,
            50
        ],
        "quality": [
            0.00024018166732275859,
            0.003302567231003195,
            0.010778987547382712,
            0.020278641488403082,
            0.03077535191550851,
            0.04194888658821583,
            0.053698561154305935,
            0.06596414372324944,
            0.07866623438894749,
            0.09171384386718273
        ],
        "wall_time": [
            7.665259622968733,
            15.491116570774466,
            23.286176695954055,
            30.932517159264535,
            38.72232137154788,
            46.377201322466135,
            54.17080939328298,
            62.01031852187589,
            69.92538041481748,
            77.92983637796715
        ]
    },
    "ospml_quad": {
        "error": [
            9.760135331466215e-08,
            3.8517152558531287e-07,
            1.3168309801536632e-06,
            3.1437366438129184e-06,
            6.722425356474481e-06,
            1.0299031888857087e-05,
            1.4670359560334553e-05,
            2.005447282936792e-05,
            2.5823981201099798e-05,
            3.2887502320771884e-05
        ],
        "num_iter": [
            5,
            10,
            15,
            20,
            25,
            30,
            35,
            40,
            45,
            50
        ],
        "quality": [
            0.0001437264945707284,
            0.0008272432605735958,
            0.0021934962132945657,
            0.004286676878109574,
            0.007132699596695602,
            0.010725410422310233,
            0.015028777299448848,
            0.019992217887192965,
            0.02555506955832243,
            0.03164085932075977
        ],
        "wall_time": [
            7.425942885223776,
            15.026045706123114,
            21.980218632146716,
            29.08183571603149,
            36.32896904274821,
            43.578238346613944,
            50.7892179787159,
            57.987806209828705,
            65.24196496559307,
            72.42815788788721
        ]
    },