{
    "gridrec": {
        "error": [
            2.833774918059529e-07,
            5.955216247814483e-06,
            3.895606587723627e-06,
            4.688498560341966e-06,
            0.0036606328849355316,
            2.5391615848350046e-07,
            7.453301697841623e-07
        ],
        "num_iter": [
            "butterworth",
            "cosine",
            "hamming",
            "hann",
            "parzen",
            "ramlak",
            "shepp"
        ],
        "quality": [
            1.1524135317131368e-06,
            0.00011342518337187357,
            1.3843681699654553e-05,
            1.6470075479446677e-05,
            0.07639124989509583,
            6.925293547510591e-07,
            3.508275256081106e-06
        ],
        "wall_time": [
            0.0611730357632041,
            0.031045065261423588,
            0.028927993960678577,
            0.031114955432713032,
            0.045116547495126724,
            0.028308828361332417,
            0.027597500942647457
        ]
    },
    "sirt_cuda": {
        "error": [
            5.074800450128233e-06,
            4.988404384940411e-06,
            4.9806878874830335e-06,
            3.848626738591829e-05,
            3.63348090657524e-05,
            3.719650110960603e-05,
            0.00010802019513693254,
            0.00010588873906454543,
            0.00010434802907536229,
            0.00021743691570256173,
            0.00021240764184689718,
            0.00021733306773924916,
            0.0005024696557455514,
            0.00049244486317237,
            0.000508173327834077,
            0.0007716887714987845,
            0.0007640215905940568,
            0.0007942801266135442,
            0.0009686112796915503,
            0.0009693011450488668,
            0.0010164347648486858,
            0.001104334985053528,
            0.0011325950437102972,
            0.0012032839338616541,
            0.0010916038123109822,
            0.0012017128294610907,
            0.0012925735029363427,
            0.0010047791014773928,
            0.001290518062541795,
            0.0013878284470219878,
            0.0009663149346940418,
            0.00148580482476704,
            0.0015996215695861145,
            0.0009308926204993882,
            0.001633284663161675,
            0.0017665810598628412,
            0.0009463451473747513,
            0.0016379155429525672,
            0.0017765935186046036
        ],
        "num_iter": [
            1,
            1,
            1,
            2,
            2,
            2,
            3,
            3,
            3,
            4,
            4,
            4,
            6,
            6,
            6,
            8,
            8,
            8,
            10,
            10,
            10,
            13,
            13,
            13,
            17,
            17,
            17,
            22,
            22,
            22,
            29,
            29,
            29,
            38,
            38,
            38,
            49,
            49,
            49
        ],
        "quality": [
            0.00042600238521117717,
            0.00042632498661987484,
            0.00042648386443033814,
            0.003136965387966484,
            0.003141692839562893,
            0.003142976900562644,
            0.008984673768281937,
            0.009011822286993265,
            0.009012081194669008,
            0.01804833533242345,
            0.018128756433725357,
            0.018142315559089184,
            0.04428110830485821,
            0.04463959578424692,
            0.04476668406277895,
            0.07778632082045078,
            0.07873544096946716,
            0.07915982604026794,
            0.11422358639538288,
            0.1161195170134306,
            0.11706811562180519,
            0.16721632331609726,
            0.1711166463792324,
            0.1732533611357212,
            0.225876834243536,
            0.23314781486988068,
            0.23735639080405235,
            0.27553892135620117,
            0.2872430682182312,
            0.2941898852586746,
            0.3090736120939255,
            0.3260011747479439,
            0.3359855115413666,
            0.31552156805992126,
            0.33652184158563614,
            0.3482963293790817,
            0.29970383644104004,
            0.3222436457872391,
            0.33347129076719284
        ],
        "wall_time": [
            1.9956760769709945,
            0.6735692303627729,
            0.63846864271909,
            2.561678965575993,
            1.1078288815915585,
            1.6887094806879759,
            2.920444511808455,
            1.822736555710435,
            2.342123333364725,
            3.4949568016454577,
            3.4115577675402164,
            2.2737641921266913,
            3.9754366241395473,
            4.421275546774268,
            3.394077447243035,
            4.8864774741232395,
            6.267172917723656,
            4.023500653915107,
            5.36389949824661,
            7.284529619850218,
            5.119085777550936,
            6.64066783990711,
            9.839504783041775,
            5.8750132489949465,
            7.349857656285167,
            11.584052553400397,
            7.829024973325431,
            9.302161367610097,
            15.696598811075091,
            8.924107696861029,
            10.395218356512487,
            18.550150373019278,
            12.138319035992026,
            13.704495656304061,
            25.797233095392585,
            13.865948090329766,
            15.258600061759353,
            30.08989634178579,
            18.8392170695588
        ]
    }
}