{
    "gridrec": {
        "error": [
            0.0,
            0.0,
            0.0,
            0.0,
            0.0,
            0.0,
            0.0
        ],
        "num_iter": [
            "butterworth",
            "cosine",
            "hamming",
            "hann",
            "parzen",
            "ramlak",
            "shepp"
        ],
        "quality": [
            0.0022744799498468637,
            0.05051976069808006,
            0.01357700303196907,
            0.015298266895115376,
            0.5343478322029114,
            0.0014283389318734407,
            0.005251748021692038
        ],
        "wall_time": [
            0.064305007999792,
            0.03521834699859028,
            0.03505579100055911,
            0.03301154899963876,
            0.03309571699901426,
            0.03327443999842217,
            0.03406794200054719
        ]
    },
    "sirt_cuda": {
        "error": [
            0.0,
            0.0,
            0.0,
            0.0,
            0.0,
            0.0,
            0.0,
            0.0,
            0.0,
            0.0,
            0.0,
            0.0,
            0.0,
            0.0,
            0.0,
            0.0,
            0.0,
            0.0,
            0.0,
            0.0,
            0.0,
            0.0,
            0.0,
            0.0,
            0.0,
            0.0,
            0.0,
            0.0,
            0.0,
            0.0,
            0.0,
            0.0,
            0.0,
            0.0,
            0.0,
            0.0,
            0.0,
            0.0,
            0.0
        ],
        "num_iter": [
            1,
            1,
            1,
            2,
            2,
            2,
            3,
            3,
            3,
            4,
            4,
            4,
            6,
            6,
            6,
            8,
            8,
            8,
            10,
            10,
            10,
            13,
            13,
            13,
            17,
            17,
            17,
            22,
            22,
            22,
            29,
            29,
            29,
            38,
            38,
            38,
            49,
            49,
            49
        ],
        "quality": [
            0.0011525052832439542,
            0.0011527654714882374,
            0.0011533194920048118,
            0.006345394067466259,
            0.006351165007799864,
            0.006354325916618109,
            0.015863066539168358,
            0.01588507555425167,
            0.015894722193479538,
            0.029361555352807045,
            0.029402604326605797,
            0.02942369505763054,
            0.06594131141901016,
            0.06601665914058685,
            0.06608206033706665,
            0.11138668656349182,
            0.11144945025444031,
            0.11160535365343094,
            0.1611447036266327,
            0.16119377315044403,
            0.16145797073841095,
            0.2364378720521927,
            0.23691371083259583,
            0.23714396357536316,
            0.3285764455795288,
            0.33015188574790955,
            0.33024081587791443,
            0.42320263385772705,
            0.4264378845691681,
            0.4273718297481537,
            0.5178346633911133,
            0.5243393182754517,
            0.5271922945976257,
            0.589173436164856,
            0.6010043025016785,
            0.6072841882705688,
            0.6258664727210999,
            0.6451917290687561,
            0.6565384864807129
        ],
        "wall_time": [
            1.139349007000419,
            1.915623228000186,
            1.019518570999935,
            1.7513824270008627,
            2.915539390000049,
            2.871400240001094,
            2.8936946140001965,
            3.430528337999931,
            3.9081195990002016,
            3.5267092409994802,
            4.373325075999674,
            5.76168603699989,
            5.558930375000273,
            5.1502973360002215,
            7.556293667001228,
            6.532052172000476,
            6.80721966999954,
            11.01495993500248,
            7.61150787599945,
            8.536362500000905,
            12.79724862400144,
            9.971271154998249,
            9.895049315002325,
            17.816826187001425,
            11.306295045998922,
            21.176695400001336,
            13.635300829002517,
            15.060960784998315,
            29.378775911001867,
            15.654402928003037,
            17.206440004998512,
            35.03683603000172,
            22.073905768002078,
            23.72845591499754,
            49.558982977001506,
            25.540121828002157,
            26.954932379996535,
            58.31955746700078,
            35.36872586100071
        ]
    }
}