{
    "fbp": {
        "error": [
            9.82513307497983e-27
        ],
        "num_iter": [
            "butterworth"
        ],
        "quality": [
            4.379860565679839e-24
        ],
        "wall_time": [
            1.1001762859523296
        ]
    },
    "grad": {
        "error": [
            5.785082757624512e-12,
            8.344611630841535e-21,
            3.859187226584586e-30,
            7.009764257326201e-39,
            0.0,
            0.0,
            0.0,
            0.0,
            0.0,
            0.0
        ],
        "num_iter": [
            5,
            10,
            15,
            20,
            25,
            30,
            35,
            40,
            45,
            50
        ],
        "quality": [
            2.3025968687306886e-08,
            5.611712224131825e-17,
            2.3991292754234275e-26,
            4.5095211260754724e-35,
            1.961817850054744e-44,
            0.0,
            0.0,
            0.0,
            0.0,
            0.0
        ],
        "wall_time": [
            6.940729964058846,
            13.838583861012012,
            20.52289340365678,
            27.25227395631373,
            33.927142799366266,
            40.68599714292213,
            47.51868144329637,
            54.48128385236487,
            61.28919954178855,
            68.11087092291564
        ]
    },
    "gridrec": {
        "error": [
            0.00019531424036788272,
            0.00038460720275202586,
            0.001252639998657965,
            0.0014513234352694481,
            0.0005097320797463415,
            0.00017531169930976224,
            0.00025745345538289637
        ],
        "num_iter": [
            "butterworth",
            "cosine",
            "hamming",
            "hann",
            "parzen",
            "ramlak",
            "shepp"
        ],
        "quality": [
            0.006770491949282587,
            0.0312654790468514,
            0.03772279806435108,
            0.04319864697754383,
            0.2010318972170353,
            0.00544014060869813,
            0.010758606949821115
        ],
        "wall_time": [
            0.1843922957777977,
            0.15003331704065204,
            0.14904560800641775,
            0.1420001438818872,
            0.13491953630000353,
            0.14710192987695336,
            0.14873845595866442
        ]
    },
    "mlem": {
        "error": [
            1.1973561239791494e-05,
            3.89664743743327e-05,
            9.54388684676252e-05,
            0.0001483409487305609,
            0.00020885303430890346,
            0.00027201887391971764,
            0.0003201201254962555,
            0.0003673067367906301,
            0.0004004643184953684,
            0.0004157693368270107
        ],
        "num_iter": [
            5,
            10,
            15,
            20,
            25,
            30,
            35,
            40,
            45,
            50
        ],
        "quality": [
            0.038924128748476505,
            0.15876562520861626,
            0.27166860550642014,
            0.3547849729657173,
            0.4129127413034439,
            0.45363687723875046,
            0.4826837033033371,
            0.5038436949253082,
            0.5195955485105515,
            0.5316184014081955
        ],
        "wall_time": [
            6.545523621607572,
            13.16199749475345,
            19.66355394059792,
            26.281386107672006,
            32.630056326277554,
            39.08121652761474,
            45.532984173391014,
            51.90661708032712,
            58.542237581685185,
            64.95810901885852
        ]
    },
    "osem": {
        "error": [
            1.1973561239791494e-05,
            3.89664743743327e-05,
            9.54388684676252e-05,
            0.0001483409487305609,
            0.00020885303430890346,
            0.00027201887391971764,
            0.0003201201254962555,
            0.0003673067367906301,
            0.0004004643184953684,
            0.0004157693368270107
        ],
        "num_iter": [
            5,
            10,
            15,
            20,
            25,
            30,
            35,
            40,
            45,
            50
        ],
        "quality": [
            0.038924128748476505,
            0.15876562520861626,
            0.27166860550642014,
            0.3547849729657173,
            0.4129127413034439,
            0.45363687723875046,
            0.4826837033033371,
            0.5038436949253082,
            0.5195955485105515,
            0.5316184014081955
        ],
        "wall_time": [
            6.556046485900879,
            13.172161572612822,
            19.93879661336541,
            26.5197341744788,
            33.28418993065134,
            39.87167314160615,
            46.505125598516315,
            53.088779158424586,
            59.67561627877876,
            66.36364917270839
        ]
    },
    "ospml_hybrid": {
        "error": [
            3.595755869021033e-07,
            8.20533862941733e-06,
            4.0671650552548176e-05,
            7.067244024784525e-05,
            8.773230408409736e-05,
            0.00010289345173484062,
            0.00012901470839565694,
            0.00016146848372998088,
            0.00019540814361387093,
            0.00023214163750817356
        ],
        "num_iter": [
            5,
            10,
            15,
            20,
            25,
            30,
            35,
            40,
            45,
            50
        ],
        "quality": [
            0.00024013948495849036,
            0.0032952860346995294,
            0.010740018216893077,
            0.02020533476024866,
            0.03066393220797181,
            0.04179388005286455,
            0.05349837150424719,
            0.06572746858000755,
            0.07840738818049431,
            0.09143970906734467
        ],
        "wall_time": [
            7.458713503088802,
            14.86252473341301,
            22.28995450725779,
            29.72784665506333,
            37.155811125878245,
            44.76722417399287,
            52.080038531683385,
            59.782390175852925,
            67.32367441849783,
            74.7778715165332
        ]
    },
    "ospml_quad": {
        "error": [
            1.0080436942201786e-07,
            8.109954382448203e-07,
            1.9210338971067528e-06,
            3.751609855234164e-06,
            5.997060406915682e-06,
            8.930065979214677e-06,
            1.1975091087608925e-05,
            1.5987396486680745e-05,
            1.9254348836736128e-05,
            2.384991569021296e-05
        ],
        "num_iter": [
            5,
            10,
            15,
            20,
            25,
            30,
            35,
            40,
            45,
            50
        ],
        "quality": [
            0.00014369236669153906,
            0.000827001640573144,
            0.00219307973748073,
            0.004285535658709705,
            0.007129737874493003,
            0.010721129132434726,
            0.015023241750895977,
            0.019984814804047346,
            0.02554611163213849,
            0.03163182735443115
        ],
        "wall_time": [
            7.160138639155775,
            14.378770010080189,
            21.34366566501558,
            28.539437877945602,
            35.778547916095704,
            42.8244526819326,
            49.810257168952376,
            56.729602962266654,
            63.69748872658238,
            70.86640264745802
        ]
    },