{
    "gridrec": {
        "error": [
            0.0,
            0.0,
            0.0,
            0.0,
            0.0,
            0.0,
            0.0
        ],
        "num_iter": [
            "butterworth",
            "cosine",
            "hamming",
            "hann",
            "parzen",
            "ramlak",
            "shepp"
        ],
        "quality": [
            0.002326658461242914,
            0.050589948892593384,
            0.012704919092357159,
            0.014327234588563442,
            0.5278538465499878,
            0.0014367698458954692,
            0.005285138264298439
        ],
        "wall_time": [
            0.06135691300733015,
            0.03521542897215113,
            0.046246524958405644,
            0.04179481597384438,
            0.041881684970576316,
            0.04184657195582986,
            0.04184346704278141
        ]
    },
    "sirt_cuda": {
        "error": [
            0.0,
            0.0,
            0.0,
            0.0,
            0.0,
            0.0,
            0.0,
            0.0,
            0.0,
            0.0,
            0.0,
            0.0,
            0.0,
            0.0,
            0.0
        ],
        "num_iter": [
            1,
            2,
            3,
            5,
            7,
            12,
            18,
            27,
            41,
            62,
            95,
            144,
            218,
            330,
            499
        ],
        "quality": [
            0.001144586713053286,
            0.006388871464878321,
            0.016015511006116867,
            0.046693798154592514,
            0.08865851163864136,
            0.2132452428340912,
            0.35183247923851013,
            0.4978002607822418,
            0.6062248945236206,
            0.6290795803070068,
            0.5471785068511963,
            0.38476094603538513,
            0.2038998305797577,
            0.07510045170783997,
            0.017963172867894173
        ],
        "wall_time": [
            2.960936921008397,
            3.7704178679850884,
            4.570839728985447,
            5.99139063101029,
            7.377193104010075,
            10.57872029201826,
            14.431717614002991,
            20.13290613598656,
            28.77193610399263,
            41.582111997995526,
            61.646952654002234,
            91.32734685303876,
            135.9530997640104,
            203.45753209799295,
            305.2011172139901
        ]
    }
}