{
    "gridrec": {
        "error": [
            0.0,
            0.0,
            0.0,
            0.0,
            0.0,
            0.0,
            0.0
        ],
        "num_iter": [
            "butterworth",
            "cosine",
            "hamming",
            "hann",
            "parzen",
            "ramlak",
            "shepp"
        ],
        "quality": [
            0.002526101190596819,
            0.0498751699924469,
            0.014530430547893047,
            0.016366006806492805,
            0.5212736129760742,
            0.0016316911205649376,
            0.005658154375851154
        ],
        "wall_time": [
            0.07348684896714985,
            0.04205753997666761,
            0.041965149983298033,
            0.03340879798633978,
            0.03368531900923699,
            0.051286948029883206,
            0.04053659597411752
        ]
    },
    "sirt_cuda": {
        "error": [
            0.0,
            0.0,
            0.0,
            0.0,
            0.0,
            0.0,
            0.0,
            0.0,
            0.0,
            0.0,
            0.0,
            0.0,
            0.0,
            0.0,
            0.0,
            0.0,
            0.0,
            0.0,
            0.0,
            0.0,
            0.0,
            0.0,
            0.0,
            0.0,
            0.0,
            0.0,
            0.0,
            0.0,
            0.0,
            0.0,
            0.0,
            0.0,
            0.0,
            0.0,
            0.0,
            0.0,
            0.0,
            0.0,
            0.0
        ],
        "num_iter": [
            1,
            1,
            1,
            2,
            2,
            2,
            3,
            3,
            3,
            4,
            4,
            4,
            6,
            6,
            6,
            8,
            8,
            8,
            10,
            10,
            10,
            13,
            13,
            13,
            17,
            17,
            17,
            22,
            22,
            22,
            29,
            29,
            29,
            38,
            38,
            38,
            49,
            49,
            49
        ],
        "quality": [
            0.0011538590770214796,
            0.0011542231077328324,
            0.0011550443014129996,
            0.006414476316422224,
            0.006420250982046127,
            0.006424515973776579,
            0.016019213944673538,
            0.0160417128354311,
            0.016055891290307045,
            0.029642587527632713,
            0.02968047931790352,
            0.029714742675423622,
            0.06657779961824417,
            0.06663274019956589,
            0.06674400717020035,
            0.1124160960316658,
            0.1124236136674881,
            0.11268190294504166,
            0.16246865689754486,
            0.1626293659210205,
            0.1629667729139328,
            0.23822927474975586,
            0.238941490650177,
            0.23928174376487732,
            0.33086544275283813,
            0.33296093344688416,
            0.33303436636924744,
            0.425890177488327,
            0.43002158403396606,
            0.4307408332824707,
            0.5208168029785156,
            0.5285307168960571,
            0.5311363339424133,
            0.5921991467475891,
            0.6054962277412415,
            0.6114877462387085,
            0.6288105249404907,
            0.6496173739433289,
            0.6606433391571045
        ],
        "wall_time": [
            0.49475032702321187,
            0.8302996619604528,
            2.599075147008989,
            0.9874858500552364,
            3.0541220770101063,
            1.6689483749796636,
            1.4832823240431026,
            3.5021405550069176,
            2.5253489459864795,
            1.9921069130068645,
            3.9641359219676815,
            3.3815163520048372,
            2.819314841995947,
            4.656894431915134,
            4.886501070053782,
            3.6585669659543782,
            5.3173930629272945,
            6.370113090088125,
            5.978669889911544,
            4.481045877968427,
            7.8480834941146895,
            6.891472115938086,
            5.613815929973498,
            9.972891975136008,
            8.04890512995189,
            7.048349270946346,
            12.75995695911115,
            9.433954817941412,
            16.187099029135425,
            8.778931517910678,
            11.307651358947624,
            20.921066409151535,
            11.112295888888184,
            13.663602774962783,
            26.958957804134116,
            14.034784542862326,
            16.493682075990364,
            34.29674705711659,
            17.601335699902847
        ]
    }
}