{
    "gridrec": {
        "error": [
            0.0,
            0.0,
            0.0,
            0.0,
            0.0,
            0.0,
            0.0
        ],
        "num_iter": [
            "butterworth",
            "cosine",
            "hamming",
            "hann",
            "parzen",
            "ramlak",
            "shepp"
        ],
        "quality": [
            0.0023847375996410847,
            0.05062396079301834,
            0.013300766237080097,
            0.014969011768698692,
            0.5251377820968628,
            0.0015167011879384518,
            0.0054387059062719345
        ],
        "wall_time": [
            0.05255926895188168,
            0.03406038100365549,
            0.03406043199356645,
            0.03471674700267613,
            0.03419138700701296,
            0.03413950704270974,
            0.03396835504099727
        ]
    },
    "sirt_cuda": {
        "error": [
            0.0,
            0.0,
            0.0,
            0.0,
            0.0,
            0.0,
            0.0,
            0.0,
            0.0,
            0.0,
            0.0,
            0.0,
            0.0,
            0.0,
            0.0,
            0.0,
            0.0,
            0.0,
            0.0,
            0.0,
            0.0,
            0.0,
            0.0,
            0.0,
            0.0,
            0.0,
            0.0,
            0.0,
            0.0,
            0.0,
            0.0,
            0.0,
            0.0,
            0.0,
            0.0,
            0.0,
            0.0,
            0.0,
            0.0,
            0.0,
            0.0,
            0.0,
            0.0,
            0.0,
            0.0
        ],
        "num_iter": [
            1,
            1,
            1,
            2,
            2,
            2,
            3,
            3,
            3,
            5,
            5,
            5,
            7,
            7,
            7,
            12,
            12,
            12,
            18,
            18,
            18,
            27,
            27,
            27,
            41,
            41,
            41,
            62,
            62,
            62,
            95,
            95,
            95,
            144,
            144,
            144,
            218,
            218,
            218,
            330,
            330,
            330,
            499,
            499,
            499
        ],
        "quality": [
            0.0011609146604314446,
            0.0011609672801569104,
            0.0011619882425293326,
            0.006399666424840689,
            0.006407072767615318,
            0.00641085859388113,
            0.016035934910178185,
            0.016058780252933502,
            0.016072262078523636,
            0.046761445701122284,
            0.04681480675935745,
            0.04687858000397682,
            0.08887903392314911,
            0.08893001079559326,
            0.0890994668006897,
            0.21397711336612701,
            0.21440888941287994,
            0.2147638499736786,
            0.3529778718948364,
            0.35533127188682556,
            0.355398565530777,
            0.49906831979751587,
            0.5053427815437317,
            0.5073856711387634,
            0.6070094108581543,
            0.6218031644821167,
            0.6291983127593994,
            0.6286830306053162,
            0.6578888297080994,
            0.6754154562950134,
            0.5451281666755676,
            0.5934408903121948,
            0.625980794429779,
            0.3811197578907013,
            0.4427320957183838,
            0.48885953426361084,
            0.19943663477897644,
            0.2559446394443512,
            0.3040172755718231,
            0.0714757964015007,
            0.10543987900018692,
            0.1392541080713272,
            0.01629168912768364,
            0.02906700037419796,
            0.044107407331466675
        ],
        "wall_time": [
            2.702440657943953,
            1.3707320929970592,
            1.5526525240275078,
            2.503588254970964,
            3.850316038937308,
            3.5984711940400302,
            3.8719043199671432,
            4.781696670921519,
            5.135841329058167,
            5.754731078981422,
            6.743998342892155,
            8.863296521070879,
            8.117506957962178,
            8.389598653942812,
            11.649843794060871,
            12.921122334897518,
            12.346070199913811,
            20.620552241045516,
            17.23850022489205,
            28.264340291032568,
            18.723559113917872,
            25.12746038386831,
            44.090717411076184,
            26.109602797951084,
            34.8760928058764,
            61.51160020509269,
            40.555974202929065,
            52.69494260090869,
            97.96536646608729,
            57.24854336696444,
            75.16950190789066,
            138.5345756561146,
            90.79448203695938,
            116.24862131290138,
            223.0322306660819,
            129.19481846195413,
            166.18023017788073,
            313.5479760200833,
            203.95003238192294,
            259.80546024790965,
            506.1435146360891,
            291.2548143649474,
            373.3671320138965,
            712.2377403660794,
            461.4531792329508
        ]
    }
}