{
    "gridrec": {
        "error": [
            0.0,
            0.0,
            0.0,
            0.0,
            0.0,
            0.0,
            0.0
        ],
        "num_iter": [
            "butterworth",
            "cosine",
            "hamming",
            "hann",
            "parzen",
            "ramlak",
            "shepp"
        ],
        "quality": [
            0.002160499570891261,
            0.05128304660320282,
            0.01241090428084135,
            0.014013785868883133,
            0.5227190852165222,
            0.001308827893808484,
            0.005088132806122303
        ],
        "wall_time": [
            0.06891923601506278,
            0.043556749005801976,
            0.042946537025272846,
            0.042961449013091624,
            0.036390074994415045,
            0.033462246996350586,
            0.03455399500671774
        ]
    },
    "sirt_cuda": {
        "error": [
            0.0,
            0.0,
            0.0,
            0.0,
            0.0,
            0.0,
            0.0,
            0.0,
            0.0,
            0.0,
            0.0,
            0.0,
            0.0,
            0.0,
            0.0
        ],
        "num_iter": [
            1,
            2,
            3,
            5,
            7,
            12,
            18,
            27,
            41,
            62,
            95,
            144,
            218,
            330,
            499
        ],
        "quality": [
            0.0011514711659401655,
            0.00639259722083807,
            0.015996625646948814,
            0.04653366655111313,
            0.08828392624855042,
            0.2118394672870636,
            0.34890761971473694,
            0.4928540885448456,
            0.5992281436920166,
            0.6206058859825134,
            0.5379302501678467,
            0.3757064938545227,
            0.1965404748916626,
            0.07070457190275192,
            0.016220824792981148
        ],
        "wall_time": [
            2.650516630965285,
            3.794974486983847,
            4.745307791978121,
            6.723171823949087,
            8.362775547953788,
            12.867627158935647,
            17.21749500691658,
            25.078866517869756,
            34.79412638087524,
            52.65626685490133,
            75.14000982989091,
            116.30003389588092,
            166.22669985087123,
            259.67324570787605,
            373.18894709285814
        ]
    }
}