{
    "mlem_cuda": {
        "error": [
            0.0,
            0.0,
            0.0,
            0.0,
            0.0,
            0.0,
            0.0,
            0.0,
            0.0,
            0.0,
            0.0,
            0.0,
            0.0,
            0.0,
            0.0,
            0.0,
            0.0,
            0.0,
            0.0,
            0.0,
            0.0,
            0.0,
            0.0,
            0.0,
            0.0,
            0.0,
            0.0,
            0.0,
            0.0,
            0.0
        ],
        "num_iter": [
            5,
            5,
            5,
            10,
            10,
            10,
            15,
            15,
            15,
            20,
            20,
            20,
            25,
            25,
            25,
            30,
            30,
            30,
            35,
            35,
            35,
            40,
            40,
            40,
            45,
            45,
            45,
            50,
            50,
            50
        ],
        "quality": [
            1.6333916370066953e-13,
            1.6333916370066953e-13,
            1.6333916370066953e-13,
            1.6333916370066953e-13,
            1.6333916370066953e-13,
            1.6333916370066953e-13,
            1.6333916370066953e-13,
            1.6333916370066953e-13,
            1.6333916370066953e-13,
            1.6333916370066953e-13,
            1.6333916370066953e-13,
            1.6333916370066953e-13,
            1.6333916370066953e-13,
            1.6333916370066953e-13,
            1.6333916370066953e-13,
            1.6333916370066953e-13,
            1.6333916370066953e-13,
            1.6333916370066953e-13,
            1.6333916370066953e-13,
            1.6333916370066953e-13,
            1.6333916370066953e-13,
            1.6333916370066953e-13,
            1.6333916370066953e-13,
            1.6333916370066953e-13,
            1.6333916370066953e-13,
            1.6333916370066953e-13,
            1.6333916370066953e-13,
            1.6333916370066953e-13,
            1.6333916370066953e-13,
            1.6333916370066953e-13
        ],
        "wall_time": [
            1.3072500489652157,
            3.318151920568198,
            3.5945555670186877,
            2.685849600005895,
            3.8463047286495566,
            7.197188490070403,
            3.9258613153360784,
            4.373751844745129,
            10.746305623091757,
            4.893147366587073,
            5.30444477731362,
            14.307840707246214,
            5.418249940965325,
            6.668803434353322,
            17.919724592007697,
            5.937116680201143,
            8.063140245620161,
            21.449140345212072,
            6.476820847950876,
            9.458995468448848,
            25.04147618636489,
            7.005026306025684,
            10.842716672457755,
            28.647085602395236,
            7.544343449641019,
            12.198603371623904,
            32.21683708112687,
            8.100012480746955,
            13.609142128378153,
            35.77269717305899
        ]
    },
    "sirt_cuda": {
        "error": [
            0.0,
            0.0,
            0.0,
            0.0,
            0.0,
            0.0,
            0.0,
            0.0,
            0.0,
            0.0,
            0.0,
            0.0,
            0.0,
            0.0,
            0.0,
            0.0,
            0.0,
            0.0,
            0.0,
            0.0,
            0.0,
            0.0,
            0.0,
            0.0,
            0.0,
            0.0,
            0.0,
            0.0,
            0.0,
            0.0
        ],
        "num_iter": [
            5,
            5,
            5,
            10,
            10,
            10,
            15,
            15,
            15,
            20,
            20,
            20,
            25,
            25,
            25,
            30,
            30,
            30,
            35,
            35,
            35,
            40,
            40,
            40,
            45,
            45,
            45,
            50,
            50,
            50
        ],
        "quality": [
            1.6333916370066953e-13,
            1.6333916370066953e-13,
            1.6333916370066953e-13,
            1.6333916370066953e-13,
            1.6333916370066953e-13,
            1.6333916370066953e-13,
            1.6333916370066953e-13,
            1.6333916370066953e-13,
            1.6333916370066953e-13,
            1.6333916370066953e-13,
            1.6333916370066953e-13,
            1.6333916370066953e-13,
            1.6333916370066953e-13,
            1.6333916370066953e-13,
            1.6333916370066953e-13,
            1.6333916370066953e-13,
            1.6333916370066953e-13,
            1.6333916370066953e-13,
            1.6333916370066953e-13,
            1.6333916370066953e-13,
            1.6333916370066953e-13,
            1.6333916370066953e-13,
            1.6333916370066953e-13,
            1.6333916370066953e-13,
            1.6333916370066953e-13,
            1.6333916370066953e-13,
            1.6333916370066953e-13,
            1.6333916370066953e-13,
            1.6333916370066953e-13,
            1.6333916370066953e-13
        ],
        "wall_time": [
            0.5319226137362421,
            1.378713740967214,
            3.515691637992859,
            1.0605247183702886,
            2.727948781568557,
            7.077105538919568,
            1.590779804624617,
            4.193943406455219,
            10.652271265629679,
            2.119428780861199,
            5.586495654191822,
            14.179776440840214,
            2.6569491955451667,
            6.981895623262972,
            17.7970495284535,
            3.206131207291037,
            8.389244390185922,
            21.354568424634635,
            3.7324424404650927,
            9.727797876112163,
            24.889832935296,
            4.265233826823533,
            11.11385416612029,
            28.511774241924286,
            4.797934341710061,
            12.536711424123496,
            32.102933932095766,
            5.318012256640941,
            13.896816004998982,
            35.62519942922518
        ]
    }
}