{
    "mlem_cuda": {
        "error": [
            0.0,
            0.0,
            0.0,
            0.0,
            0.0,
            0.0,
            0.0,
            0.0,
            0.0,
            0.0,
            0.0,
            0.0,
            0.0,
            0.0,
            0.0,
            0.0,
            0.0,
            0.0,
            0.0,
            0.0,
            0.0,
            0.0,
            0.0,
            0.0,
            0.0,
            0.0,
            0.0,
            0.0,
            0.0,
            0.0
        ],
        "num_iter": [
            5,
            5,
            5,
            10,
            10,
            10,
            15,
            15,
            15,
            20,
            20,
            20,
            25,
            25,
            25,
            30,
            30,
            30,
            35,
            35,
            35,
            40,
            40,
            40,
            45,
            45,
            45,
            50,
            50,
            50
        ],
        "quality": [
            1.6333916370066953e-13,
            1.6333916370066953e-13,
            1.6333916370066953e-13,
            1.6333916370066953e-13,
            1.6333916370066953e-13,
            1.6333916370066953e-13,
            1.6333916370066953e-13,
            1.6333916370066953e-13,
            1.6333916370066953e-13,
            1.6333916370066953e-13,
            1.6333916370066953e-13,
            1.6333916370066953e-13,
            1.6333916370066953e-13,
            1.6333916370066953e-13,
            1.6333916370066953e-13,
            1.6333916370066953e-13,
            1.6333916370066953e-13,
            1.6333916370066953e-13,
            1.6333916370066953e-13,
            1.6333916370066953e-13,
            1.6333916370066953e-13,
            1.6333916370066953e-13,
            1.6333916370066953e-13,
            1.6333916370066953e-13,
            1.6333916370066953e-13,
            1.6333916370066953e-13,
            1.6333916370066953e-13,
            1.6333916370066953e-13,
            1.6333916370066953e-13,
            1.6333916370066953e-13
        ],
        "wall_time": [
            1.348427324090153,
            3.5811455799266696,
            3.622201879043132,
            2.7588249780237675,
            4.149872581940144,
            7.302692333701998,
            4.1899537979625165,
            4.685166305862367,
            11.009086807724088,
            5.232554858550429,
            5.596795354038477,
            14.551291894633323,
            5.786606687586755,
            6.940301306080073,
            18.167756751645356,
            6.344417692627758,
            8.369925145991147,
            21.75944262603298,
            6.868674926459789,
            9.807823415845633,
            25.34559615375474,
            7.437390216160566,
            11.248354809824377,
            28.957238365896046,
            7.977295466233045,
            12.632670374121517,
            32.560848323162645,
            8.519990027416497,
            14.079421893227845,
            36.14317140728235
        ]
    },
    "sirt_cuda": {
        "error": [
            0.0,
            0.0,
            0.0,
            0.0,
            0.0,
            0.0,
            0.0,
            0.0,
            0.0,
            0.0,
            0.0,
            0.0,
            0.0,
            0.0,
            0.0,
            0.0,
            0.0,
            0.0,
            0.0,
            0.0,
            0.0,
            0.0,
            0.0,
            0.0,
            0.0,
            0.0,
            0.0,
            0.0,
            0.0,
            0.0
        ],
        "num_iter": [
            5,
            5,
            5,
            10,
            10,
            10,
            15,
            15,
            15,
            20,
            20,
            20,
            25,
            25,
            25,
            30,
            30,
            30,
            35,
            35,
            35,
            40,
            40,
            40,
            45,
            45,
            45,
            50,
            50,
            50
        ],
        "quality": [
            1.6333916370066953e-13,
            1.6333916370066953e-13,
            1.6333916370066953e-13,
            1.6333916370066953e-13,
            1.6333916370066953e-13,
            1.6333916370066953e-13,
            1.6333916370066953e-13,
            1.6333916370066953e-13,
            1.6333916370066953e-13,
            1.6333916370066953e-13,
            1.6333916370066953e-13,
            1.6333916370066953e-13,
            1.6333916370066953e-13,
            1.6333916370066953e-13,
            1.6333916370066953e-13,
            1.6333916370066953e-13,
            1.6333916370066953e-13,
            1.6333916370066953e-13,
            1.6333916370066953e-13,
            1.6333916370066953e-13,
            1.6333916370066953e-13,
            1.6333916370066953e-13,
            1.6333916370066953e-13,
            1.6333916370066953e-13,
            1.6333916370066953e-13,
            1.6333916370066953e-13,
            1.6333916370066953e-13,
            1.6333916370066953e-13,
            1.6333916370066953e-13,
            1.6333916370066953e-13
        ],
        "wall_time": [
            0.5345583739690483,
            1.3645672369748354,
            3.5645953100174665,
            1.063455866649747,
            2.662768887821585,
            7.132493743207306,
            1.5850269487127662,
            4.071062691975385,
            10.733957953285426,
            2.105441981460899,
            5.479865439236164,
            14.308505698572844,
            2.639037983492017,
            6.875211498234421,
            17.91401479067281,
            3.1525321775116026,
            8.169209298212081,
            21.515461947768927,
            3.680546750780195,
            9.614509813953191,
            25.133192341774702,
            4.208835363853723,
            11.013282923959196,
            28.74464536877349,
            4.7376336310990155,
            12.441439667250961,
            32.30400110967457,
            5.262625406496227,
            13.894041724968702,
            35.855562353972346
        ]
    }
}