{
    "gridrec": {
        "error": [
            0.0,
            0.0,
            0.0,
            0.0,
            0.0,
            0.0,
            0.0
        ],
        "num_iter": [
            "butterworth",
            "cosine",
            "hamming",
            "hann",
            "parzen",
            "ramlak",
            "shepp"
        ],
        "quality": [
            0.0026497396174818277,
            0.053415242582559586,
            0.013532498851418495,
            0.015141407959163189,
            0.5274478197097778,
            0.0016528158448636532,
            0.005907710641622543
        ],
        "wall_time": [
            0.07830211892724037,
            0.03468225337564945,
            0.035626985132694244,
            0.03594810701906681,
            0.034928975626826286,
            0.034761812537908554,
            0.03473307192325592
        ]
    },
    "sirt_cuda": {
        "error": [
            0.0,
            0.0,
            0.0,
            0.0,
            0.0,
            0.0,
            0.0,
            0.0,
            0.0,
            0.0,
            0.0,
            0.0,
            0.0,
            0.0,
            0.0,
            0.0,
            0.0,
            0.0,
            0.0,
            0.0,
            0.0,
            0.0,
            0.0,
            0.0,
            0.0,
            0.0,
            0.0,
            0.0,
            0.0,
            0.0,
            0.0,
            0.0,
            0.0,
            0.0,
            0.0,
            0.0,
            0.0,
            0.0,
            0.0
        ],
        "num_iter": [
            1,
            1,
            1,
            2,
            2,
            2,
            3,
            3,
            3,
            4,
            4,
            4,
            6,
            6,
            6,
            8,
            8,
            8,
            10,
            10,
            10,
            13,
            13,
            13,
            17,
            17,
            17,
            22,
            22,
            22,
            29,
            29,
            29,
            38,
            38,
            38,
            49,
            49,
            49
        ],
        "quality": [
            0.001142954803071916,
            0.0011435990454629064,
            0.0011441160459071398,
            0.006318309810012579,
            0.00632460555061698,
            0.006330905947834253,
            0.015844929963350296,
            0.0158647820353508,
            0.015884820371866226,
            0.029353372752666473,
            0.029386552050709724,
            0.029430529102683067,
            0.06604776531457901,
            0.0660923421382904,
            0.066230908036232,
            0.1117297038435936,
            0.11174118518829346,
            0.11203702539205551,
            0.1617516279220581,
            0.1619340479373932,
            0.1623147428035736,
            0.23768211901187897,
            0.23840942978858948,
            0.23881395161151886,
            0.33078688383102417,
            0.3328547775745392,
            0.333019495010376,
            0.42651626467704773,
            0.43065255880355835,
            0.43124353885650635,
            0.5222249627113342,
            0.5298148393630981,
            0.532256007194519,
            0.5941962599754333,
            0.6071699261665344,
            0.6129391193389893,
            0.6310827136039734,
            0.6513288617134094,
            0.6620484590530396
        ],
        "wall_time": [
            2.6022539790719748,
            0.49753325060009956,
            0.8405148312449455,
            0.9847142193466425,
            3.051831239834428,
            1.6845423579216003,
            1.4699904546141624,
            3.4987318627536297,
            2.542241547256708,
            1.9743894673883915,
            3.9460304137319326,
            3.3865853492170572,
            2.7828305643051863,
            4.6285079922527075,
            4.8935633189976215,
            5.288002111017704,
            3.6053136475384235,
            6.381915006786585,
            5.9594066850841045,
            4.42325833439827,
            7.869437387213111,
            6.87031895853579,
            5.552251962944865,
            10.00508133135736,
            8.02581943012774,
            6.967562805861235,
            12.795147458091378,
            9.42000574618578,
            16.22917734645307,
            8.692029131576419,
            11.296128127723932,
            20.97765513509512,
            11.035834500566125,
            13.683994967490435,
            27.003461183980107,
            13.989397209137678,
            16.53404252231121,
            34.33820769563317,
            17.55463025532663
        ]
    }
}