{
    "mlem_cuda": {
        "error": [
            0.0,
            0.0,
            0.0,
            0.0,
            0.0,
            0.0,
            0.0,
            0.0,
            0.0,
            0.0,
            0.0,
            0.0,
            0.0,
            0.0,
            0.0,
            0.0,
            0.0,
            0.0,
            0.0,
            0.0,
            0.0,
            0.0,
            0.0,
            0.0,
            0.0,
            0.0,
            0.0,
            0.0,
            0.0,
            0.0
        ],
        "num_iter": [
            5,
            5,
            5,
            10,
            10,
            10,
            15,
            15,
            15,
            20,
            20,
            20,
            25,
            25,
            25,
            30,
            30,
            30,
            35,
            35,
            35,
            40,
            40,
            40,
            45,
            45,
            45,
            50,
            50,
            50
        ],
        "quality": [
            1.6333916370066953e-13,
            1.6333916370066953e-13,
            1.6333916370066953e-13,
            1.6333916370066953e-13,
            1.6333916370066953e-13,
            1.6333916370066953e-13,
            1.6333916370066953e-13,
            1.6333916370066953e-13,
            1.6333916370066953e-13,
            1.6333916370066953e-13,
            1.6333916370066953e-13,
            1.6333916370066953e-13,
            1.6333916370066953e-13,
            1.6333916370066953e-13,
            1.6333916370066953e-13,
            1.6333916370066953e-13,
            1.6333916370066953e-13,
            1.6333916370066953e-13,
            1.6333916370066953e-13,
            1.6333916370066953e-13,
            1.6333916370066953e-13,
            1.6333916370066953e-13,
            1.6333916370066953e-13,
            1.6333916370066953e-13,
            1.6333916370066953e-13,
            1.6333916370066953e-13,
            1.6333916370066953e-13,
            1.6333916370066953e-13,
            1.6333916370066953e-13,
            1.6333916370066953e-13
        ],
        "wall_time": [
            1.1336041339673102,
            2.728822849225253,
            3.518507276661694,
            2.344501066952944,
            3.246610742993653,
            7.116135305259377,
            3.450212365947664,
            3.758516055997461,
            10.682862621266395,
            4.288560172077268,
            4.661259069107473,
            14.16467585740611,
            4.810716696083546,
            5.879141475073993,
            17.71937108039856,
            5.3383381171152,
            6.98948766477406,
            21.202491813339293,
            5.920644584111869,
            8.107890371698886,
            24.747067397926003,
            6.483109083026648,
            9.304548779968172,
            28.33954571513459,
            7.101601894944906,
            10.444424094166607,
            31.896717227064073,
            7.7431084723211825,
            11.598464745562524,
            35.45340890297666
        ]
    },
    "sirt_cuda": {
        "error": [
            0.0,
            0.0,
            0.0,
            0.0,
            0.0,
            0.0,
            0.0,
            0.0,
            0.0,
            0.0,
            0.0,
            0.0,
            0.0,
            0.0,
            0.0,
            0.0,
            0.0,
            0.0,
            0.0,
            0.0,
            0.0,
            0.0,
            0.0,
            0.0,
            0.0,
            0.0,
            0.0,
            0.0,
            0.0,
            0.0
        ],
        "num_iter": [
            5,
            5,
            5,
            10,
            10,
            10,
            15,
            15,
            15,
            20,
            20,
            20,
            25,
            25,
            25,
            30,
            30,
            30,
            35,
            35,
            35,
            40,
            40,
            40,
            45,
            45,
            45,
            50,
            50,
            50
        ],
        "quality": [
            1.6333916370066953e-13,
            1.6333916370066953e-13,
            1.6333916370066953e-13,
            1.6333916370066953e-13,
            1.6333916370066953e-13,
            1.6333916370066953e-13,
            1.6333916370066953e-13,
            1.6333916370066953e-13,
            1.6333916370066953e-13,
            1.6333916370066953e-13,
            1.6333916370066953e-13,
            1.6333916370066953e-13,
            1.6333916370066953e-13,
            1.6333916370066953e-13,
            1.6333916370066953e-13,
            1.6333916370066953e-13,
            1.6333916370066953e-13,
            1.6333916370066953e-13,
            1.6333916370066953e-13,
            1.6333916370066953e-13,
            1.6333916370066953e-13,
            1.6333916370066953e-13,
            1.6333916370066953e-13,
            1.6333916370066953e-13,
            1.6333916370066953e-13,
            1.6333916370066953e-13,
            1.6333916370066953e-13,
            1.6333916370066953e-13,
            1.6333916370066953e-13,
            1.6333916370066953e-13
        ],
        "wall_time": [
            0.6699533970095217,
            1.142633788753301,
            3.469001214019954,
            1.2689167940989137,
            2.2440463877283037,
            7.0022032698616385,
            1.9423330458812416,
            3.3251074478030205,
            10.601081521250308,
            2.530798989813775,
            4.474243946839124,
            14.126970367040485,
            3.2199803958646953,
            5.660780586767942,
            17.59335773717612,
            3.8654956365935504,
            6.821528821717948,
            21.259966515004635,
            4.469630619511008,
            8.00013719080016,
            24.8363824239932,
            5.058957484550774,
            9.081851492635906,
            28.340773799922317,
            5.698954522609711,
            10.218867763411254,
            31.838679663836956,
            6.27838648064062,
            11.35237231850624,
            35.35052103176713
        ]
    }
}