{
    "mlem_cuda": {
        "error": [
            0.0,
            0.0,
            0.0,
            0.0,
            0.0,
            0.0,
            0.0,
            0.0,
            0.0,
            0.0,
            0.0,
            0.0,
            0.0,
            0.0,
            0.0,
            0.0,
            0.0,
            0.0,
            0.0,
            0.0,
            0.0,
            0.0,
            0.0,
            0.0,
            0.0,
            0.0,
            0.0,
            0.0,
            0.0,
            0.0
        ],
        "num_iter": [
            5,
            5,
            5,
            10,
            10,
            10,
            15,
            15,
            15,
            20,
            20,
            20,
            25,
            25,
            25,
            30,
            30,
            30,
            35,
            35,
            35,
            40,
            40,
            40,
            45,
            45,
            45,
            50,
            50,
            50
        ],
        "quality": [
            1.6333916370066953e-13,
            1.6333916370066953e-13,
            1.6333916370066953e-13,
            1.6333916370066953e-13,
            1.6333916370066953e-13,
            1.6333916370066953e-13,
            1.6333916370066953e-13,
            1.6333916370066953e-13,
            1.6333916370066953e-13,
            1.6333916370066953e-13,
            1.6333916370066953e-13,
            1.6333916370066953e-13,
            1.6333916370066953e-13,
            1.6333916370066953e-13,
            1.6333916370066953e-13,
            1.6333916370066953e-13,
            1.6333916370066953e-13,
            1.6333916370066953e-13,
            1.6333916370066953e-13,
            1.6333916370066953e-13,
            1.6333916370066953e-13,
            1.6333916370066953e-13,
            1.6333916370066953e-13,
            1.6333916370066953e-13,
            1.6333916370066953e-13,
            1.6333916370066953e-13,
            1.6333916370066953e-13,
            1.6333916370066953e-13,
            1.6333916370066953e-13,
            1.6333916370066953e-13
        ],
        "wall_time": [
            1.3574329800903797,
            2.5140591552481055,
            4.149481813888997,
            3.288964038249105,
            3.554352642968297,
            10.396195570006967,
            3.993036353494972,
            4.925826015882194,
            14.572000468149781,
            4.901775749400258,
            7.1575703411363065,
            20.85018607089296,
            5.590928542427719,
            8.703355263918638,
            25.04473107866943,
            6.4042289215140045,
            10.950449761934578,
            31.29622846469283,
            7.168191297445446,
            12.311506575904787,
            35.47747649298981,
            7.939560702536255,
            14.576937804929912,
            41.797784614842385,
            8.622273386456072,
            16.241497974842787,
            45.939639086835086,
            9.409498700406402,
            18.520967361982912,
            52.19280561897904
        ]
    },
    "sirt_cuda": {
        "error": [
            0.0,
            0.0,
            0.0,
            0.0,
            0.0,
            0.0,
            0.0,
            0.0,
            0.0,
            0.0,
            0.0,
            0.0,
            0.0,
            0.0,
            0.0,
            0.0,
            0.0,
            0.0,
            0.0,
            0.0,
            0.0,
            0.0,
            0.0,
            0.0,
            0.0,
            0.0,
            0.0,
            0.0,
            0.0,
            0.0
        ],
        "num_iter": [
            5,
            5,
            5,
            10,
            10,
            10,
            15,
            15,
            15,
            20,
            20,
            20,
            25,
            25,
            25,
            30,
            30,
            30,
            35,
            35,
            35,
            40,
            40,
            40,
            45,
            45,
            45,
            50,
            50,
            50
        ],
        "quality": [
            1.6333916370066953e-13,
            1.6333916370066953e-13,
            1.6333916370066953e-13,
            1.6333916370066953e-13,
            1.6333916370066953e-13,
            1.6333916370066953e-13,
            1.6333916370066953e-13,
            1.6333916370066953e-13,
            1.6333916370066953e-13,
            1.6333916370066953e-13,
            1.6333916370066953e-13,
            1.6333916370066953e-13,
            1.6333916370066953e-13,
            1.6333916370066953e-13,
            1.6333916370066953e-13,
            1.6333916370066953e-13,
            1.6333916370066953e-13,
            1.6333916370066953e-13,
            1.6333916370066953e-13,
            1.6333916370066953e-13,
            1.6333916370066953e-13,
            1.6333916370066953e-13,
            1.6333916370066953e-13,
            1.6333916370066953e-13,
            1.6333916370066953e-13,
            1.6333916370066953e-13,
            1.6333916370066953e-13,
            1.6333916370066953e-13,
            1.6333916370066953e-13,
            1.6333916370066953e-13
        ],
        "wall_time": [
            0.6964888940565288,
            1.5843700198456645,
            4.15960293635726,
            1.4632166801020503,
            3.796042760834098,
            10.406622200272977,
            2.1915040584281087,
            5.106424516066909,
            14.561478293966502,
            2.98909456981346,
            7.353229761123657,
            20.842406291048974,
            3.7279737619683146,
            8.747796494048089,
            25.01617738418281,
            4.530107707250863,
            10.942805686034262,
            31.298031878191978,
            5.243548814672977,
            12.413325340952724,
            35.426542239263654,
            6.021722245495766,
            14.669870245736092,
            41.69577146554366,
            6.702733947429806,
            16.284876609686762,
            45.86014554044232,
            7.470554236788303,
            18.488722895737737,
            52.06324191670865
        ]
    }
}