{
    "art": {
        "error": [
            0.0,
            0.0,
            0.0,
            0.0,
            0.0,
            0.0,
            0.0,
            0.0,
            0.0,
            0.0,
            0.0,
            0.0,
            0.0,
            0.0,
            0.0
        ],
        "num_iter": [
            1,
            2,
            3,
            5,
            7,
            12,
            18,
            27,
            41,
            62,
            95,
            144,
            218,
            330,
            499
        ],
        "quality": [
            0.022951742634177208,
            0.0016198278171941638,
            0.006991515401750803,
            0.0031898473389446735,
            0.002482446376234293,
            0.001062006107531488,
            0.0005267024389468133,
            0.00020671829406637698,
            6.888370990054682e-05,
            1.9326615074533038e-05,
            5.325326583260903e-06,
            1.5246388329615002e-06,
            4.5934248760204355e-07,
            1.518292407354238e-07,
            6.835890786760501e-08
        ],
        "wall_time": [
            3.4969712130259722,
            6.991208298044512,
            10.495750489033526,
            17.489008373057004,
            24.469532055052696,
            41.97959920804715,
            62.882053456036374,
            94.4739337680221,
            143.56457572901854,
            217.36854099901393,
            332.71892479699454,
            504.5887226299965,
            763.3161143279867,
            1154.1442189329828,
            1743.3058370320068
        ]
    },
    "bart": {
        "error": [
            0.0,
            0.0,
            0.0,
            0.0,
            0.0,
            0.0,
            0.0,
            0.0,
            0.0,
            0.0,
            0.0,
            0.0,
            0.0,
            0.0,
            0.0
        ],
        "num_iter": [
            1,
            2,
            3,
            5,
            7,
            12,
            18,
            27,
            41,
            62,
            95,
            144,
            218,
            330,
            499
        ],
        "quality": [
            0.0008858711225911975,
            0.005238784477114677,
            0.014540844596922398,
            0.04571417346596718,
            0.08923137933015823,
            0.2175901234149933,
            0.3569547235965729,
            0.5002970695495605,
            0.6073951721191406,
            0.6379277110099792,
            0.5778018832206726,
            0.44662782549858093,
            0.2905869483947754,
            0.16102084517478943,
            0.08060519397258759
        ],
        "wall_time": [
            3.634381942974869,
            7.239939285995206,
            10.716430795000633,
            17.95458126597805,
            25.44785319798393,
            43.865179491986055,
            68.01701051898999,
            104.19080725600361,
            158.88984876900213,
            239.52835239999695,
            367.50822155500646,
            562.8167521630239,
            855.1020208740374,
            1297.5241554900422,
            1968.8012168290443
        ]
    },
    "gridrec": {
        "error": [
            0.0,
            0.0,
            0.0,
            0.0,
            0.0,
            0.0,
            0.0
        ],
        "num_iter": [
            "butterworth",
            "cosine",
            "hamming",
            "hann",
            "parzen",
            "ramlak",
            "shepp"
        ],
        "quality": [
            0.0023338980972766876,
            0.05218205228447914,
            0.01354245562106371,
            0.01529785804450512,
            0.5270590782165527,
            0.0014617920387536287,
            0.005406652111560106
        ],
        "wall_time": [
            0.06279497701325454,
            0.03560690500307828,
            0.03600600198842585,
            0.03618471001391299,
            0.036733152985107154,
            0.03670512401731685,
            0.03630521899322048
        ]
    },
    "mlem": {
        "error": [
            0.0,
            0.0,
            0.0,
            0.0,
            0.0,
            0.0,
            0.0,
            0.0,
            0.0,
            0.0,
            0.0,
            0.0,
            0.0,
            0.0,
            0.0
        ],
        "num_iter": [
            1,
            2,
            3,
            5,
            7,
            12,
            18,
            27,
            41,
            62,
            95,
            144,
            218,
            330,
            499
        ],
        "quality": [
            0.0006866415496915579,
            0.006446937099099159,
            0.02186015248298645,
            0.07949746400117874,
            0.15646964311599731,
            0.33959850668907166,
            0.4814007878303528,
            0.5768281817436218,
            0.5956828594207764,
            0.529638946056366,
            0.39540454745292664,
            0.2518935203552246,
            0.14402265846729279,
            0.08228902518749237,
            0.05157571658492088
        ],
        "wall_time": [
            4.207496878982056,
            8.202831717993831,
            12.117924047983252,
            19.96583265098161,
            27.787784852960613,
            47.34395768196555,
            71.26940849295352,
            106.65859129693126,
            161.8574906309077,
            244.48308612490655,
            373.8547083979065,
            568.2224907369236,
            861.8893169259245,
            1347.5801647459448,
            2227.930873315956
        ]
    },
    "osem": {
        "error": [
            0.0,
            0.0,
            0.0,
            0.0,
            0.0,
            0.0,
            0.0,
            0.0,
            0.0,
            0.0,
            0.0,
            0.0,
            0.0,
            0.0,
            0.0
        ],
        "num_iter": [
            1,
            2,
            3,
            5,
            7,
            12,
            18,
            27,
            41,
            62,
            95,
            144,
            218,
            330,
            499
        ],
        "quality": [
            0.0006866415496915579,
            0.006446937099099159,
            0.02186015248298645,
            0.07949746400117874,
            0.15646964311599731,
            0.33959850668907166,
            0.4814007878303528,
            0.5768281817436218,
            0.5956828594207764,
            0.529638946056366,
            0.39540454745292664,
            0.2518935203552246,
            0.14402265846729279,
            0.08228902518749237,
            0.05157571658492088
        ],
        "wall_time": [
            4.195827490999363,
            8.26003207298345,
            12.275900889973855,
            20.20222792698769,
            28.222264034004183,
            48.065163245017175,
            71.89228707700386,
            106.10385459000827,
            159.3368499620119,
            239.47319851300563,
            367.5681343819888,
            560.0723306360014,
            851.5700356189918,
            1334.3287244259845,
            2206.024017080985
        ]
    },
    "ospml_hybrid": {
        "error": [
            0.0,
            0.0,
            0.0,
            0.0,
            0.0,
            0.0,
            0.0,
            0.0,
            0.0,
            0.0,
            0.0,
            0.0,
            0.0,
            0.0,
            0.0
        ],
        "num_iter": [
            1,
            2,
            3,
            5,
            7,
            12,
            18,
            27,
            41,
            62,
            95,
            144,
            218,
            330,
            499
        ],