{
    "art": {
        "error": [
            0.0,
            0.0,
            0.0,
            0.0,
            0.0,
            0.0,
            0.0,
            0.0,
            0.0,
            0.0,
            0.0,
            0.0,
            0.0,
            0.0,
            0.0
        ],
        "num_iter": [
            1,
            2,
            3,
            5,
            7,
            12,
            18,
            27,
            41,
            62,
            95,
            144,
            218,
            330,
            499
        ],
        "quality": [
            0.023737244307994843,
            0.0019467179663479328,
            0.0076439836993813515,
            0.0036168419755995274,
            0.0028071340639144182,
            0.0011817868798971176,
            0.0005870229797437787,
            0.00022626704594586045,
            7.644190918654203e-05,
            2.247837619506754e-05,
            6.5715921664377674e-06,
            2.000979520744295e-06,
            5.735502668358095e-07,
            1.5308030754113133e-07,
            3.8648472866498196e-08
        ],
        "wall_time": [
            3.4684639810584486,
            6.93612204818055,
            10.459158109035343,
            17.42087445082143,
            24.407248084899038,
            41.84751054691151,
            62.90320070274174,
            94.94626408768818,
            144.37283036252484,
            217.65646214364097,
            333.2926471163519,
            504.3767196224071,
            768.1987460120581,
            1167.1733708628453,
            1768.6951301409863
        ]
    },
    "bart": {
        "error": [
            0.0,
            0.0,
            0.0,
            0.0,
            0.0,
            0.0,
            0.0,
            0.0,
            0.0,
            0.0,
            0.0,
            0.0,
            0.0,
            0.0,
            0.0
        ],
        "num_iter": [
            1,
            2,
            3,
            5,
            7,
            12,
            18,
            27,
            41,
            62,
            95,
            144,
            218,
            330,
            499
        ],
        "quality": [
            0.0008776398608461022,
            0.005198296625167131,
            0.014423235319554806,
            0.04534686356782913,
            0.08857285976409912,
            0.21632550656795502,
            0.355392724275589,
            0.49886202812194824,
            0.6067413091659546,
            0.6387356519699097,
            0.5804762244224548,
            0.4511602520942688,
            0.2962653338909149,
            0.16656172275543213,
            0.08503858000040054
        ],
        "wall_time": [
            3.5671778051182628,
            7.124127389397472,
            10.68891230225563,
            17.9188045701012,
            25.42802524380386,
            43.24121946608648,
            66.32712533185259,
            101.2346542365849,
            155.86786203365773,
            237.88543521566316,
            370.7861112416722,
            560.7317316578701,
            847.6113055180758,
            1282.6323872981593,
            1938.7937387153506
        ]
    },
    "gridrec": {
        "error": [
            0.0,
            0.0,
            0.0,
            0.0,
            0.0,
            0.0,
            0.0
        ],
        "num_iter": [
            "butterworth",
            "cosine",
            "hamming",
            "hann",
            "parzen",
            "ramlak",
            "shepp"
        ],
        "quality": [
            0.0025211931206285954,
            0.05401397868990898,
            0.013406295329332352,
            0.01506370585411787,
            0.5327603220939636,
            0.0015640914207324386,
            0.005708157550543547
        ],
        "wall_time": [
            0.08556490996852517,
            0.03708637086674571,
            0.03664643503725529,
            0.0358900330029428,
            0.035965649876743555,
            0.035940627101808786,
            0.035986272152513266
        ]
    },
    "mlem": {
        "error": [
            0.0,
            0.0,
            0.0,
            0.0,
            0.0,
            0.0,
            0.0,
            0.0,
            0.0,
            0.0,
            0.0,
            0.0,
            0.0,
            0.0,
            0.0
        ],
        "num_iter": [
            1,
            2,
            3,
            5,
            7,
            12,
            18,
            27,
            41,
            62,
            95,
            144,
            218,
            330,
            499
        ],
        "quality": [
            0.0006801047129556537,
            0.00640044454485178,
            0.021724052727222443,
            0.07908360660076141,
            0.1557750105857849,
            0.33883965015411377,
            0.4813888967037201,
            0.5782192349433899,
            0.5976452827453613,
            0.5313976407051086,
            0.3969302177429199,
            0.25338879227638245,
            0.14578674733638763,
            0.08405569940805435,
            0.05315724387764931
        ],
        "wall_time": [
            3.9619115409441292,
            8.317158040124923,
            12.682629561051726,
            21.2903004437685,
            30.130651035811752,
            51.458044366911054,
            76.35309048509225,
            113.78573785210028,
            172.4316763910465,
            259.6312746773474,
            396.64074350334704,
            599.0778991272673,
            908.6928645763546,
            1419.9028058433905,
            2333.8201212896965
        ]
    },
    "osem": {
        "error": [
            0.0,
            0.0,
            0.0,
            0.0,
            0.0,
            0.0,
            0.0,
            0.0,
            0.0,
            0.0,
            0.0,
            0.0,
            0.0,
            0.0,
            0.0
        ],
        "num_iter": [
            1,
            2,
            3,
            5,
            7,
            12,
            18,
            27,
            41,
            62,
            95,
            144,
            218,
            330,
            499
        ],
        "quality": [
            0.0006801047129556537,
            0.00640044454485178,
            0.021724052727222443,
            0.07908360660076141,
            0.1557750105857849,
            0.33883965015411377,
            0.4813888967037201,
            0.5782192349433899,
            0.5976452827453613,
            0.5313976407051086,
            0.3969302177429199,
            0.25338879227638245,
            0.14578674733638763,
            0.08405569940805435,
            0.05315724387764931
        ],
        "wall_time": [
            4.060775902122259,
            8.143859216943383,
            12.211130504962057,
            20.123383526690304,
            27.903083789628,
            47.73754926258698,
            71.7492184326984,
            107.30953701678663,
            162.72694151569158,
            245.43835778767243,
            377.7087554819882,
            569.4745573983528,
            862.3205066551454,
            1345.4394219485112,
            2229.3894079104066
        ]
    },
    "ospml_hybrid": {
        "error": [
            0.0,
            0.0,
            0.0,
            0.0,
            0.0,
            0.0,
            0.0,
            0.0,
            0.0,
            0.0,
            0.0,
            0.0,
            0.0,
            0.0,
            0.0
        ],
        "num_iter": [
            1,
            2,
            3,
            5,
            7,
            12,
            18,
            27,
            41,
            62,
            95,
            144,
            218,
            330,
            499
        ],