{
    "art": {
        "error": [
            0.0,
            0.0,
            0.0,
            0.0,
            0.0,
            0.0,
            0.0,
            0.0,
            0.0,
            0.0,
            0.0,
            0.0,
            0.0,
            0.0,
            0.0
        ],
        "num_iter": [
            1,
            2,
            3,
            5,
            7,
            12,
            18,
            27,
            41,
            62,
            95,
            144,
            218,
            330,
            499
        ],
        "quality": [
            0.02456808090209961,
            0.0016298785340040922,
            0.0074463109485805035,
            0.0032307934015989304,
            0.0024649985134601593,
            0.0010038879700005054,
            0.0004806203651241958,
            0.00017482691328041255,
            5.633687032968737e-05,
            1.5424962839460932e-05,
            4.19338130086544e-06,
            1.1867917919516913e-06,
            3.3536267096678785e-07,
            9.386454280502221e-08,
            2.6778231188018253e-08
        ],
        "wall_time": [
            3.5220695569878444,
            6.992531912983395,
            10.464883261942305,
            17.480811003944837,
            24.41957277187612,
            41.72276181390043,
            62.63686980691273,
            94.09738894389011,
            142.58445576380473,
            215.54580262373202,
            328.58382342371624,
            498.114502732642,
            755.5279848746723,
            1143.1683484066743,
            1725.115819011582
        ]
    },
    "bart": {
        "error": [
            0.0,
            0.0,
            0.0,
            0.0,
            0.0,
            0.0,
            0.0,
            0.0,
            0.0,
            0.0,
            0.0,
            0.0,
            0.0,
            0.0,
            0.0
        ],
        "num_iter": [
            1,
            2,
            3,
            5,
            7,
            12,
            18,
            27,
            41,
            62,
            95,
            144,
            218,
            330,
            499
        ],
        "quality": [
            0.0008796544861979783,
            0.005201925989240408,
            0.0144445626065135,
            0.04546866938471794,
            0.08880278468132019,
            0.21694627404212952,
            0.3568441867828369,
            0.5016313195228577,
            0.6103454232215881,
            0.6415805816650391,
            0.5814641714096069,
            0.45066583156585693,
            0.29519161581993103,
            0.16533227264881134,
            0.08376862108707428
        ],
        "wall_time": [
            4.076179344090633,
            8.105447779991664,
            12.385413413052447,
            20.409306303132325,
            28.410796576179564,
            48.2341211582534,
            72.2060824201908,
            110.92499515716918,
            167.2046743761748,
            250.09491031523794,
            380.6855271331733,
            577.7306482371641,
            871.5779977121856,
            1349.7795949581778,
            2016.1219114512205
        ]
    },
    "gridrec": {
        "error": [
            0.0,
            0.0,
            0.0,
            0.0,
            0.0,
            0.0,
            0.0
        ],
        "num_iter": [
            "butterworth",
            "cosine",
            "hamming",
            "hann",
            "parzen",
            "ramlak",
            "shepp"
        ],
        "quality": [
            0.00258927745744586,
            0.052362196147441864,
            0.014365479350090027,
            0.01619156450033188,
            0.5309886932373047,
            0.001638439018279314,
            0.005779715720564127
        ],
        "wall_time": [
            0.10184527502860874,
            0.040799100999720395,
            0.03988526400644332,
            0.041825586929917336,
            0.04136763501446694,
            0.04256573610473424,
            0.041656079003587365
        ]
    },
    "mlem": {
        "error": [
            0.0,
            0.0,
            0.0,
            0.0,
            0.0,
            0.0,
            0.0,
            0.0,
            0.0,
            0.0,
            0.0,
            0.0,
            0.0,
            0.0,
            0.0
        ],
        "num_iter": [
            1,
            2,
            3,
            5,
            7,
            12,
            18,
            27,
            41,
            62,
            95,
            144,
            218,
            330,
            499
        ],
        "quality": [
            0.0006815922679379582,
            0.0063954307697713375,
            0.021710798144340515,
            0.07904483377933502,
            0.15585964918136597,
            0.34010937809944153,
            0.48370805382728577,
            0.5802575349807739,
            0.5991036295890808,
            0.532228410243988,
            0.39792537689208984,
            0.2543408274650574,
            0.14587154984474182,
            0.08336794376373291,
            0.052236344665288925
        ],
        "wall_time": [
            3.741155936033465,
            7.149921449017711,
            10.570313808973879,
            17.542974082985893,
            24.64942250296008,
            43.778043857892044,
            67.24983764090575,
            101.93095784797333,
            156.0016757400008,
            237.0542309639277,
            364.55148083588574,
            554.4052295368165,
            842.7089112388203,
            1320.3860847548349,
            2196.3616976507474
        ]
    },
    "osem": {
        "error": [
            0.0,
            0.0,
            0.0,
            0.0,
            0.0,
            0.0,
            0.0,
            0.0,
            0.0,
            0.0,
            0.0,
            0.0,
            0.0,
            0.0,
            0.0
        ],
        "num_iter": [
            1,
            2,
            3,
            5,
            7,
            12,
            18,
            27,
            41,
            62,
            95,
            144,
            218,
            330,
            499
        ],
        "quality": [
            0.0006815922679379582,
            0.0063954307697713375,
            0.021710798144340515,
            0.07904483377933502,
            0.15585964918136597,
            0.34010937809944153,
            0.48370805382728577,
            0.5802575349807739,
            0.5991036295890808,
            0.532228410243988,
            0.39792537689208984,
            0.2543408274650574,
            0.14587154984474182,
            0.08336794376373291,
            0.052236344665288925
        ],
        "wall_time": [
            3.895196021068841,
            7.9471676429966465,
            12.014558120979927,
            20.09195369889494,
            28.269115339848213,
            48.344868265790865,
            72.66130946087651,
            109.24851127294824,
            165.59949497389607,
            249.8063510649372,
            382.63999663991854,
            580.513991913991,
            881.4690308170393,
            1376.6785745110828,
            2269.736546055996
        ]
    },
    "ospml_hybrid": {
        "error": [
            0.0,
            0.0,
            0.0,
            0.0,
            0.0,
            0.0,
            0.0,
            0.0,
            0.0,
            0.0,
            0.0,
            0.0,
            0.0,
            0.0,
            0.0
        ],
        "num_iter": [
            1,
            2,
            3,
            5,
            7,
            12,
            18,
            27,
            41,
            62,
            95,
            144,
            218,
            330,
            499
        ],