{
    "art": {
        "error": [
            0.0,
            0.0,
            0.0,
            0.0,
            0.0,
            0.0,
            0.0,
            0.0,
            0.0,
            0.0,
            0.0,
            0.0,
            0.0,
            0.0,
            0.0
        ],
        "num_iter": [
            1,
            2,
            3,
            5,
            7,
            12,
            18,
            27,
            41,
            62,
            95,
            144,
            218,
            330,
            499
        ],
        "quality": [
            0.022892333567142487,
            0.001203034771606326,
            0.00656101806089282,
            0.002836657455191016,
            0.0020730223041027784,
            0.0009064068435691297,
            0.00042764641693793237,
            0.00016700063133612275,
            5.292907735565677e-05,
            1.3736862456426024e-05,
            3.438741714489879e-06,
            9.349012657366984e-07,
            3.2106291314448754e-07,
            3.0539536055584904e-07,
            1.2284531294426415e-06
        ],
        "wall_time": [
            3.4709757049567997,
            6.929919678950682,
            10.347727102926001,
            17.22782152099535,
            24.084704525070265,
            41.550956630147994,
            62.44141393213067,
            93.22029622120317,
            141.12295761716086,
            212.63543350121472,
            325.8277964371955,
            493.7397582321428,
            746.6753015951253,
            1128.151421505143,
            1706.1272077962058
        ]
    },
    "bart": {
        "error": [
            0.0,
            0.0,
            0.0,
            0.0,
            0.0,
            0.0,
            0.0,
            0.0,
            0.0,
            0.0,
            0.0,
            0.0,
            0.0,
            0.0,
            0.0
        ],
        "num_iter": [
            1,
            2,
            3,
            5,
            7,
            12,
            18,
            27,
            41,
            62,
            95,
            144,
            218,
            330,
            499
        ],
        "quality": [
            0.0008750694687478244,
            0.00516562070697546,
            0.014314943924546242,
            0.04495719447731972,
            0.08775407820940018,
            0.21428781747817993,
            0.35225388407707214,
            0.49483582377433777,
            0.6018723845481873,
            0.6326127052307129,
            0.5724058747291565,
            0.44108080863952637,
            0.28544381260871887,
            0.1567322015762329,
            0.07736814022064209
        ],
        "wall_time": [
            4.012339281034656,
            7.999647252960131,
            12.001673100981861,
            20.294559902045876,
            28.3933013479691,
            48.61748118896503,
            72.59497391991317,
            108.41656093485653,
            164.65389229380526,
            248.4255591868423,
            379.06235073693097,
            573.1062557129189,
            865.7241793338908,
            1308.3701865398325,
            1975.2231396598509
        ]
    },
    "gridrec": {
        "error": [
            0.0,
            0.0,
            0.0,
            0.0,
            0.0,
            0.0,
            0.0
        ],
        "num_iter": [
            "butterworth",
            "cosine",
            "hamming",
            "hann",
            "parzen",
            "ramlak",
            "shepp"
        ],
        "quality": [
            0.001898680697195232,
            0.04855550825595856,
            0.011961065232753754,
            0.013621261343359947,
            0.5251418352127075,
            0.0011496146908029914,
            0.004528540186583996
        ],
        "wall_time": [
            0.0682158840354532,
            0.03724512702319771,
            0.03662542998790741,
            0.037816873053088784,
            0.03623655205592513,
            0.043619703967124224,
            0.04618379194289446
        ]
    },
    "mlem": {
        "error": [
            0.0,
            0.0,
            0.0,
            0.0,
            0.0,
            0.0,
            0.0,
            0.0,
            0.0,
            0.0,
            0.0,
            0.0,
            0.0,
            0.0,
            0.0
        ],
        "num_iter": [
            1,
            2,
            3,
            5,
            7,
            12,
            18,
            27,
            41,
            62,
            95,
            144,
            218,
            330,
            499
        ],
        "quality": [
            0.000678146374411881,
            0.0063532209023833275,
            0.02152499184012413,
            0.07829863578081131,
            0.1542586386203766,
            0.3358716368675232,
            0.4771791398525238,
            0.5720484852790833,
            0.5900698900222778,
            0.5244352221488953,
            0.392837792634964,
            0.2520737051963806,
            0.1451324224472046,
            0.08287156373262405,
            0.05160374566912651
        ],
        "wall_time": [
            3.933752462035045,
            7.831543956068344,
            11.74566310713999,
            19.848210835130885,
            27.75256296712905,
            47.28457639506087,
            70.99445294309407,
            107.02516712318175,
            162.95301187620498,
            247.01952483924106,
            379.0341193442,
            573.302426689188,
            869.836059337249,
            1359.631108743255,
            2239.788914342178
        ]
    },
    "osem": {
        "error": [
            0.0,
            0.0,
            0.0,
            0.0,
            0.0,
            0.0,
            0.0,
            0.0,
            0.0,
            0.0,
            0.0,
            0.0,
            0.0,
            0.0,
            0.0
        ],
        "num_iter": [
            1,
            2,
            3,
            5,
            7,
            12,
            18,
            27,
            41,
            62,
            95,
            144,
            218,
            330,
            499
        ],
        "quality": [
            0.000678146374411881,
            0.0063532209023833275,
            0.02152499184012413,
            0.07829863578081131,
            0.1542586386203766,
            0.3358716368675232,
            0.4771791398525238,
            0.5720484852790833,
            0.5900698900222778,
            0.5244352221488953,
            0.392837792634964,
            0.2520737051963806,
            0.1451324224472046,
            0.08287156373262405,
            0.05160374566912651
        ],
        "wall_time": [
            3.961462702951394,
            7.890109078958631,
            11.83168302103877,
            19.628097348031588,
            27.62766380002722,
            47.52759310102556,
            71.06251315702684,
            106.69473397301044,
            161.58823411201593,
            244.86791524395812,
            373.7240200439701,
            565.1528860370163,
            855.0427802710328,
            1338.4135977400001,
            2213.5302877699723
        ]
    },
    "ospml_hybrid": {
        "error": [
            0.0,
            0.0,
            0.0,
            0.0,
            0.0,
            0.0,
            0.0,
            0.0,
            0.0,
            0.0,
            0.0,
            0.0,
            0.0,
            0.0,
            0.0
        ],
        "num_iter": [
            1,
            2,
            3,
            5,
            7,
            12,
            18,
            27,
            41,
            62,
            95,
            144,
            218,
            330,
            499
        ],