{
    "art": {
        "error": [
            0.0,
            0.0,
            0.0,
            0.0,
            0.0,
            0.0,
            0.0,
            0.0,
            0.0,
            0.0,
            0.0,
            0.0,
            0.0,
            0.0,
            0.0
        ],
        "num_iter": [
            1,
            2,
            3,
            5,
            7,
            12,
            18,
            27,
            41,
            62,
            95,
            144,
            218,
            330,
            499
        ],
        "quality": [
            0.02406187169253826,
            0.0014418638311326504,
            0.006747961509972811,
            0.0027586461510509253,
            0.0020508263260126114,
            0.0008496351656503975,
            0.00042669367394410074,
            0.0001617068483028561,
            5.2818319090874866e-05,
            1.513501956651453e-05,
            4.336046458774945e-06,
            1.2910555824419134e-06,
            5.695538334293815e-07,
            2.25826241262439e-07,
            0.0003105755604337901
        ],
        "wall_time": [
            3.5266955180559307,
            7.031073507037945,
            10.454744923044927,
            17.402186005027033,
            24.189817480975762,
            41.331829561968334,
            61.76265779999085,
            92.41395862493664,
            140.37480328092352,
            213.14414373086765,
            326.3420622498961,
            493.0127423348604,
            747.0472474878188,
            1131.351203035796,
            1718.972548600752
        ]
    },
    "bart": {
        "error": [
            0.0,
            0.0,
            0.0,
            0.0,
            0.0,
            0.0,
            0.0,
            0.0,
            0.0,
            0.0,
            0.0,
            0.0,
            0.0,
            0.0,
            0.0
        ],
        "num_iter": [
            1,
            2,
            3,
            5,
            7,
            12,
            18,
            27,
            41,
            62,
            95,
            144,
            218,
            330,
            499
        ],
        "quality": [
            0.0008843911346048117,
            0.005227613728493452,
            0.014507954940199852,
            0.04561518505215645,
            0.08900871872901917,
            0.2170446664094925,
            0.3563283383846283,
            0.5000548958778381,
            0.6080975532531738,
            0.6397399306297302,
            0.5804555416107178,
            0.44971972703933716,
            0.29340726137161255,
            0.16299889981746674,
            0.08165143430233002
        ],
        "wall_time": [
            4.079044476966374,
            8.014004776952788,
            12.040840834961273,
            19.708643695921637,
            27.59524255793076,
            47.415961500955746,
            70.95529682200868,
            106.49216517899185,
            162.363079721923,
            246.5472219028743,
            374.5367028788896,
            566.7534155498724,
            857.6240387748694,
            1300.6504014588427,
            1967.9864876498468
        ]
    },
    "gridrec": {
        "error": [
            0.0,
            0.0,
            0.0,
            0.0,
            0.0,
            0.0,
            0.0
        ],
        "num_iter": [
            "butterworth",
            "cosine",
            "hamming",
            "hann",
            "parzen",
            "ramlak",
            "shepp"
        ],
        "quality": [
            0.002596805803477764,
            0.05206111818552017,
            0.013866124674677849,
            0.015564216300845146,
            0.5274831652641296,
            0.001637441455386579,
            0.005794432479888201
        ],
        "wall_time": [
            0.09610432502813637,
            0.03817943204194307,
            0.03730675100814551,
            0.03744455392006785,
            0.03737653302960098,
            0.037462847074493766,
            0.037370746955275536
        ]
    },
    "mlem": {
        "error": [
            0.0,
            0.0,
            0.0,
            0.0,
            0.0,
            0.0,
            0.0,
            0.0,
            0.0,
            0.0,
            0.0,
            0.0,
            0.0,
            0.0,
            0.0
        ],
        "num_iter": [
            1,
            2,
            3,
            5,
            7,
            12,
            18,
            27,
            41,
            62,
            95,
            144,
            218,
            330,
            499
        ],
        "quality": [
            0.0006851787329651415,
            0.006429843604564667,
            0.021796012297272682,
            0.07925321161746979,
            0.15601450204849243,
            0.33913910388946533,
            0.48118096590042114,
            0.5761076211929321,
            0.5940850377082825,
            0.5272865891456604,
            0.39396804571151733,
            0.2522680163383484,
            0.14574749767780304,
            0.08428259193897247,
            0.05322489142417908
        ],
        "wall_time": [
            4.035882879048586,
            8.188949803006835,
            12.142868499038741,
            19.930588510120288,
            27.818849047180265,
            47.56555861607194,
            71.30798792210408,
            106.6667579630157,
            162.83344387402758,
            245.2999301829841,
            375.20175683894195,
            567.4359301448567,
            859.1551006397931,
            1342.778225012822,
            2219.1669734278694
        ]
    },
    "osem": {
        "error": [
            0.0,
            0.0,
            0.0,
            0.0,
            0.0,
            0.0,
            0.0,
            0.0,
            0.0,
            0.0,
            0.0,
            0.0,
            0.0,
            0.0,
            0.0
        ],
        "num_iter": [
            1,
            2,
            3,
            5,
            7,
            12,
            18,
            27,
            41,
            62,
            95,
            144,
            218,
            330,
            499
        ],
        "quality": [
            0.0006851787329651415,
            0.006429843604564667,
            0.021796012297272682,
            0.07925321161746979,
            0.15601450204849243,
            0.33913910388946533,
            0.48118096590042114,
            0.5761076211929321,
            0.5940850377082825,
            0.5272865891456604,
            0.39396804571151733,
            0.2522680163383484,
            0.14574749767780304,
            0.08428259193897247,
            0.05322489142417908
        ],
        "wall_time": [
            4.183341388008557,
            8.121123076998629,
            12.337775662890635,
            20.25211887084879,
            28.336098629864864,
            48.43601967894938,
            72.55093223892618,
            108.52596347185317,
            165.03313285880722,
            248.8598098118091,
            380.9999501758721,
            576.0447181888158,
            870.0573669797741,
            1358.5200178708183,
            2253.7455809349194
        ]
    },
    "ospml_hybrid": {
        "error": [
            0.0,
            0.0,
            0.0,
            0.0,
            0.0,
            0.0,
            0.0,
            0.0,
            0.0,
            0.0,
            0.0,
            0.0,
            0.0,
            0.0,
            0.0
        ],
        "num_iter": [
            1,
            2,
            3,
            5,
            7,
            12,
            18,
            27,
            41,
            62,
            95,
            144,
            218,
            330,
            499
        ],